RESID,SS,PreySS,PredSS,PPratio,ExoticSS,Richness,Evenness,NatStock,Nnatstock,IntrodUndes,Fishkills,FishPres,CatchRate,FishSize,CatchVar,AnglerSatis,FreqTourn,RatioFishing,SPP1comp,LargeFish,StockedFish,PopDen,SizeStruc,Condition,GRate,NatMort,R_age1,R_adult,CRA,BAS,PIK,PER,CAT,SUN,MOR,TRT,SAL
LA56,1,5,1,2,5,1,1,1,1,5,1,1,1,1,1,1,1,1,3,3,4,3,4,3,3,3,1,3,0,0,0,0,1,0,0,0,0
TX156,1,5,1,5,4,2,1,3,1,1,4,3,2,4,3,3,1,4,3,3,1,4,4,5,4,2,4,4,0,0,0,0,0,0,1,0,0
TX246,1,5,1,5,1,2,2,1,1,1,1,1,1,1,1,1,1,2,4,3,1,4,4,4,3,3,3,3,0,0,0,0,1,0,0,0,0
NE6,3,5,1,5,4,4,1,1,1,3,2,2,2,3,4,1,1,2,1,3,1,2,2,3,2,4,3,2,0,0,0,0,1,0,0,0,0
PA94,3,5,1,5,5,4,3,4,3,4,3,2,1,3,3,1,3,3,1,1,1,2,2,4,4,4,2,2,0,1,0,0,0,0,0,0,0
NE46,4,5,1,5,4,5,1,1,1,3,2,2,3,2,4,3,1,1,3,1,1,3,2,2,2,4,3,3,0,0,0,0,1,0,0,0,0
OK54,4,5,1,5,5,1,1,3,4,1,5,2,1,3,3,1,1,1,4,2,2,1,2,3,4,3,3,3,0,0,0,0,1,0,0,0,0
OR93,4,5,1,5,5,1,1,3,1,5,2,3,3,3,2,3,1,5,4,3,4,3,3,3,2,3,2,2,0,0,0,0,0,0,0,1,0
IN20,5,5,1,1,3,5,1,4,1,5,5,1,5,2,1,1,1,4,1,3,2,1,4,2,4,5,1,1,0,1,0,0,0,0,0,0,0
CO189,2,4,1,2,4,3,2,1,4,1,1,1,1,2,3,2,1,4,4,3,4,2,2,2,1,5,1,1,0,0,0,0,0,0,0,1,0
NE49,2,4,1,5,4,3,1,1,1,3,2,2,2,2,4,1,1,2,2,1,1,2,1,3,1,3,3,2,0,0,0,0,1,0,0,0,0
MO25,3,4,1,5,4,2,1,3,2,3,4,1,1,4,1,3,1,2,3,2,4,3,2,2,2,4,1,1,0,0,0,0,1,0,0,0,0
MT62,3,4,1,5,4,3,2,3,3,1,1,3,3,3,4,4,3,3,2,2,4,4,3,3,3,1,3,3,0,0,0,0,0,0,0,1,0
GA23,1,2,1,3,2,3,3,2,2,2,2,3,1,2,2,2,4,3,2,1,1,1,1,2,1,4,1,2,0,1,0,0,0,0,0,0,0
SD15,1,2,1,2,3,2,2,4,3,3,3,4,2,2,4,2,1,2,1,2,4,1,2,3,3,5,1,2,0,0,0,1,0,0,0,0,0
TX135,1,2,1,2,4,1,1,1,1,1,5,1,1,2,4,1,1,1,3,2,2,1,3,3,3,4,2,2,0,0,0,0,1,0,0,0,0
IA31,2,2,1,1,5,3,2,2,2,1,1,2,1,1,1,1,2,2,2,1,1,4,1,1,1,3,3,3,0,0,0,0,0,1,0,0,0
MT7,3,2,1,2,1,1,2,1,5,2,1,3,4,5,3,4,1,5,4,4,4,4,5,5,5,3,3,3,0,0,0,0,0,0,0,1,0
KS42,1,1,1,2,5,3,3,3,3,5,4,2,2,3,3,1,2,3,2,1,1,2,2,3,3,4,2,1,1,0,0,0,0,0,0,0,0
KS66,1,1,1,1,1,3,2,3,3,1,1,2,1,1,1,3,1,2,4,2,4,1,4,4,4,3,4,3,0,0,0,0,1,0,0,0,0
LA47,1,1,1,2,1,1,2,2,2,1,2,1,1,1,3,1,1,2,1,1,1,1,1,1,1,3,1,1,0,1,0,0,0,0,0,0,0
LA55,1,1,1,2,1,2,2,1,1,1,5,1,1,2,4,1,1,2,1,1,1,1,2,2,2,4,2,2,0,1,0,0,0,0,0,0,0
LA61,1,1,1,2,1,2,2,1,1,1,5,2,1,2,4,1,1,2,1,1,1,1,2,2,2,4,2,2,0,1,0,0,0,0,0,0,0
NC12,1,1,1,1,1,1,1,1,5,1,1,2,2,3,2,3,1,1,3,2,4,1,3,3,1,3,1,1,0,0,0,0,0,0,0,1,0
NC15,1,1,1,3,3,3,3,3,4,5,4,3,3,2,3,2,3,1,2,1,1,2,2,2,2,3,3,3,0,1,0,0,0,0,0,0,0
NC2,1,1,1,1,1,1,1,1,1,1,1,1,1,1,1,3,1,5,3,3,1,1,5,3,3,3,3,3,0,0,0,0,0,1,0,0,0
NC56,1,1,1,1,1,3,3,1,1,1,1,1,1,1,1,1,1,1,1,1,1,1,1,1,1,1,1,1,0,1,0,0,0,0,0,0,0
NC74,1,1,1,1,1,3,3,1,1,1,1,1,1,1,1,1,3,3,1,1,1,1,1,1,1,3,3,3,0,1,0,0,0,0,0,0,0
NC79,1,1,1,3,1,3,3,1,1,1,1,1,1,1,1,1,1,3,1,1,1,1,1,1,1,3,3,3,0,1,0,0,0,0,0,0,0
NM4,1,1,1,1,3,1,3,1,1,1,5,1,1,1,1,1,1,1,2,1,1,1,1,3,3,5,1,1,0,0,0,0,1,0,0,0,0
NM6,1,1,1,3,3,1,3,1,1,1,5,1,1,1,2,1,1,1,2,1,2,1,3,3,3,5,1,1,0,0,0,0,0,0,1,0,0
NV25,1,1,1,1,2,1,2,1,1,2,3,1,1,1,1,1,1,1,1,1,1,1,1,1,1,1,1,1,0,0,0,0,1,0,0,0,0
NV8,1,1,1,1,5,1,1,1,2,1,1,1,1,1,1,1,1,2,1,1,2,1,1,1,1,3.7,2,2,0,0,0,1,0,0,0,0,0
OK135,1,1,1,1,3,1,1,2,2,3,1,1,2,1,1,2,1,5,1,1,1,2,1,2,1,2,2,1,0,0,0,1,0,0,0,0,0
OK159,1,1,1,1,1,1,1,1,4,1,1,3,2,2,2,2,1,3,2,2,4,3,2,3,3,3,3,3,0,0,0,0,1,0,0,0,0
OK67,1,1,1,2,1,2,2,1,1,1,1,1,1,2,2,2,1,2,2,2,1,2,2,3,2,4,2,2,0,0,0,0,1,0,0,0,0
TX118,1,1,1,1,1,1,1,1,1,1,5,2,3,3,3,3,1,5,3,1,1,1,1,3,3,4,2,1,0,1,0,0,0,0,0,0,0
TX119,1,1,1,1,3,1,1,1,1,1,5,1,1,1.4,1,1,1,1,3,1,4,1,1,1,1,5,3,1,0,1,0,0,0,0,0,0,0
TX123,1,1,1,2,4,2,1,2,1,1,5,1,1,4,1,1,1,2,3,3,1,2,4,4,4,4,2,2,0,0,0,0,1,0,0,0,0
TX14,1,1,1,3,3,1,1,1,1,2,5,1,1,1,1,1,1,3,4,2,4,1,1,2,3,4,3,1,0,1,0,0,0,0,0,0,0
TX149,1,1,1,2,1,1,2,2,1,1,1,1,1,1,1,1,1,3,4,1,1,1,1,1,1,5,1,1,0,0,0,0,1,0,0,0,0
TX16,1,1,1,1,1,1,1,2,1,1,5,1,1,1,1,1,1,1,1,1,4,1,1,3,3,4,1,1,0,1,0,0,0,0,0,0,0
TX184,1,1,1,1,2,1,1,1,1,1,5,1,1,1,1,1,1,2,3,1,4,1,1,1,1,5,1,1,0,1,0,0,0,0,0,0,0
TX208,1,1,1,1,2,1,1,1,1,1,5,1,1,1,1,1,1,2,1,1,1,1,1,1,1,5,1,1,0,0,0,0,0,0,1,0,0
TX213,1,1,1,1,2,1,1,1,1,1,5,1,1,1,1,1,1,2,2,2,1,1,1,1,1,5,2,1,0,1,0,0,0,0,0,0,0
UT14,1,1,1,1,1,1,1,1,1,1,1,1,1,1,1,1,1,1,2,1,1,1,1,1,1,1,1,1,0,0,0,0,0,0,0,1,0
VA12,1,1,1,2.4,1,1,1,1,1,1,1,1,1,2,2,2,1,5,1,1,1,1,1,1,2,1,1,1,1,0,0,0,0,0,0,0,0
VA42,1,1,1,3,1,1,2,1,3,2,4,1,1,3,4,2,1,2,4,3,1,1,3,3,3,3,2,2,0,1,0,0,0,0,0,0,0
VA43,1,1,1,2,3,2,1,1,1,2,2,1,1,1,4,1,1,3,2,1,1,1,2,2,2,3,2,2,0,0,0,0,1,0,0,0,0
CO34,2,1,1,1,5,1,1,3,3,3,3,3,2,2,3,2,1,2,3,2,4,1,1,2,1,4,1,1,0,0,0,0,0,0,0,1,0
MT22,2,1,1,3,1,1,3,1,1,1,1,2,3,2,3,3,1,5,4,2,1,2,3,2,2,3,3,3,0,0,0,0,0,0,0,1,0
ID38,3,1,1,1,1,2,2,1,4,1,4,3,3,4,4,4,1,5,4,3,4,3,4,4,4,3,3,3,0,0,0,0,0,0,0,1,0
WY31,3,1,1,1,1,1,1,1,5,1,1,3,4,3,3,3,1,5,4,3,4,3,3,3,2,3,3,3,0,0,0,0,0,0,0,1,0
WY66,3,1,1,1,1,1,1,4,1,1,1,3,3,4,3,4,1,4,4,4,4,3,4,4,4,3,5,4,0,0,0,0,0,0,0,1,0
WY79,3,1,1,1,1,1,1,1,5,1,2,2,3,4,3,3,1,5,3,3,4,3,3,4,4,3,3,3,0,0,0,0,0,0,0,1,0
WY58,4,1,1,1,2,2,2,1,5,3,1,3,3,4,3,3,1,3,4,4,4,4,4,4,4,2,3,3,0,0,0,0,0,0,0,1,0
NV29,1,5,2,2,5,1,1,1,2,1,1,1,1,3,3,1,1,5,2,2,4,1,2,3,3,1,3,3,0,0,0,1,0,0,0,0,0
IL65,3,5,2,1,1,1,1,1.6,1,1,1,1,1,4,1,1,1,5,1,2,1,2,3,4,4,3,2,2,0,1,0,0,0,0,0,0,0
PA22,3,5,2,2,5,4,2,1,2,5,1,4,2,3,3,3,4,3,1,3,1,2,4,4,4,3,1,1,0,1,0,0,0,0,0,0,0
TX186,3,5,2,4,4,4,2,4,4,1,5,3,2,4,5,2,2,2,1,4,3,3,4,5,5,4,3,2,0,1,0,0,0,0,0,0,0
WI237,3,5,2,2,1,3,1,4,1,1,4,4,3,3,3,3,3,3,1,2,1,4,4,4,3,3,3,3,0,1,0,0,0,0,0,0,0
GA48,4,5,2,4,4,3,3,3,1,3,3,4,3,3,4,3,3,3,2,3,1,2,4,3,1,3,3,4,0,1,0,0,0,0,0,0,0
IN64,4,5,2,2,5,3,1,1,1,5,3,4,3,2,4,2,2,3,2,2,1,1,4,4,4,4,1,1,0,1,0,0,0,0,0,0,0
NE27,4,5,2,5,4,4,1,4,4,5,3,5,3,2,3,3,4,3,1,3,1,2,4,5,4,4,2,2,0,1,0,0,0,0,0,0,0
TX142,4,5,2,2,1,3,2,1,1,1,5,3,3,3,3,3,2,4,4,3,1,2,3,3,4,4,3,3,0,1,0,0,0,0,0,0,0
ID4,5,5,2,5,1,3,2,1,3,3,3,2,2,5,5,2,1,5,4,4,4,2,5,5,5,4,1,2,0,0,0,0,0,0,0,1,0
ID81,5,5,2,5,4,3,3,1,2,3,1,2,3,5,3,3,3,3,4,4,4,2,5,5,5,3,1,3,0,0,0,0,0,0,0,1,0
PA15,5,5,2,2,4,4,1,3,5,1,4,3,2,3,3,2,5,2,1,3,1,3,1,2,2,3,3,3,0,0,0,0,0,0,0,0,0
CA165,2,4,2,3,1,1,1,3,1,1,1,2,2,2,2,2,1,1,3,1,1,2,2,2,2,3,2,2,0,0,0,0,0,0,0,1,0
CA68,2,4,2,4,1,1,1,1,1,1,3,1,1,1,1,1,1,1,2,1,1,5,2,2,2,2,2,2,0,1,0,0,0,0,0,0,0
CT60,2,4,2,2,1,2,3,1,1,1,3,2,3,3,3.8,3.8,1,3,2,2,1,3,3,3,3,2.7,3.1,2.9,0,1,0,0,0,0,0,0,0
IL51,2,4,2,4,4,3,2,4,3,2,2,2,2,2,4,2,3,2,2,4,1,3,4,4,4,5,1,5,0,0,0,0,1,0,0,0,0
IL55,2,4,2,4,4,3,2,2,1,2,1,2,2,3,4,2,4,3,2,2,1,2,2,3,2,4,2,2,1,0,0,0,0,0,0,0,0
IL77,2,4,2,4,3,2,2,3,3,2,1,2,2,3,3,2,2,3,2,2,1,3,2,2,2,2,2,4,1,0,0,0,0,0,0,0,0
IN8,2,4,2,2,4,2,2,1,1,3,4,2,2,2,2,2,2,3,3,2,1,3,3,3,3,3,3,3,1,0,0,0,0,0,0,0,0
KS74,2,4,2,2,5,2,2,4,4,5,1,3,3,2,3,2,1,2,3,3,4,3,3,3,3,3,3,3,0,0,0,0,1,0,0,0,0
MO3,2,4,2,2,3,4,2,1,1,3,1,4,3,3,4,3,1,4,3,4,1,4,3,3,2,3,2,3,0,0,0,0,1,0,0,0,0
MO38,2,4,2,2,4,3,4,1,4,2,2,2,2,2,2,2,3,3,1,3,1,1,4,3,2,3,2,2,0,1,0,0,0,0,0,0,0
MO50,2,4,2,2,4,3,2,3,1,1,2,3,2,2,3,3,2,3,2,3,1,2,4,3,3,4,2,2,0,1,0,0,0,0,0,0,0
OH44,2,4,2,4,4,2,2,4,2,4,2,3,2,3,3,3,3,4,2,3,1,2,4,3,2,3,2,1,0,1,0,0,0,0,0,0,0
TX130,2,4,2,4,4,2,2,1,1,1,1,1,3,3,3,3,1,2,3,2,1,4,2,3,3,3,3,2,1,0,0,0,0,0,0,0,0
CO166,3,4,2,3,4,3,2,1,4,1,1,2,2,3,3,2,1,4,4,3,4,2,2,2,2,4,1.1,1,0,0,0,0,0,0,0,1,0
IL48,3,4,2,4,4,2,2,4,2,2,1,1,2,3,4,2,2,2,2,3,1,3,3,4,4,4,2,3,0,0,0,0,1,0,0,0,0
IN10,3,4,2,2,4,3,2,3,1,3,3,3,3,3,3,3,2,3,2,2.4,1,3,3,3,3,3,3,3,1,0,0,0,0,0,0,0,0
IN30,3,4,2,4,4,3,2,3,2,3,3,4,2,2,3,3,2,3,3,2,1,2,3,3,3,4,2,2,0,1,0,0,0,0,0,0,0
IN6,3,4,2,2,1,3,2,3,1,1,3,3,3,3,3,3,2,3,1,1.1,1,3,3,3,4,3,3,3,1,0,0,0,0,0,0,0,0
KY48,3,4,2,4,2,3,3,4,4,2,2,5,3,2,4,3,4,3,2,1,1,3,2,4,3,4,2,2,0,1,0,0,0,0,0,0,0
MD3,3,4,2,2,2,2,2,2,2,3,1,2,2,2,3,3,3,3,3,3,1,3,3,4,4,3,3,3,0,1,0,0,0,0,0,0,0
MO29,3,4,2,5,4,3,3,2,1,3,1,4,3,3,3,3,1,2,3,2,1,3,2,3,2,3,2,2,0,1,0,0,0,0,0,0,0
MS58,3,4,2,4,1,1,2,1,1,1,2,3,3,2,3,2,1,4,2,2,1,3,2,2,2,3,3,3,0,1,0,0,0,0,0,0,0
OH40,3,4,2,3,4,2,2,4,2,3,2,2,2,3,3,2,2,2,2,2,1,2,4,4,3,4,3,3,0,1,0,0,0,0,0,0,0
OH49,3,4,2,4,3,3,2,1,4,1,1,2,2,3,4,2,2,2,1,2,1,1,4,4,3,4,2,2,0,1,0,0,0,0,0,0,0
PA88,3,4,2,2,1,3,2,1,4,1,1,3,2,3,4,3,3,4,3,2,1,4,3,3,3,3,2,3,0,0,0,0,0,1,0,0,0
TN45,3,4,2,2,1,3,2,1,2,1,3,3,3,3,3,3,2,5,2,2,2,3,3,3,4,3,4,4,1,0,0,0,0,0,0,0,0
TX193,3,4,2,4,3,3,3,2,1,1,1,2,3,3,3,3,1,3,3,2,1,5,2,3,4,3,3,3,1,0,0,0,0,0,0,0,0
TX21,3,4,2,4,2,2,2,2,2,2,4,2,2,3,3,3,2,4,2,2,1,4,4,4,4,3,3,3,1,0,0,0,0,0,0,0,0
TX275,3,4,2,2,1,3,3,1,1,1,1,2,3,3,3,2,2,4,2,3,1,4,3,4,3,3,3,3,1,0,0,0,0,0,0,0,0
TX282,3,4,2,4,2,2,2,2,2,2,2,4,2,4,3,2,1,4,1.9,3.4,1.6,2,4,4,4,3,2,3,0,1,0,0,0,0,0,0,0
MT27,4,4,2,4,2,2,2,1,5,2,1,3,2,3,2,3,1,5,4,4,4,4,3,3,3,3,3,3,0,0,0,0,0,0,0,0,1
NE30,4,4,2,4,4,2,2,3,3,4,3,2,2,2,3,2,3,4,2,2,1,2,1,2,1,4,4,3,1,0,0,0,0,0,0,0,0
NE7,4,4,2,2,5,1,1,3,2,4,2,2,2,2,3,2,4,2,3,3,1,4,4,3,3.5,3,4,4,0,0,0,0,1,0,0,0,0
OR91,4,4,2,5,5,4,2,3,1,4,1,3,3,3,3,3,1,4,3,3,4,3,3,3,3,3,2,3,0,0,0,0,0,0,0,1,0
TX281,4,4,2,4,2,2,2,2,2,2,2,2,3,2,3,3,2,4,2,3,1,4,3,3,3,3,3,3,0,0,0,0,1,0,0,0,0
TX57,4,4,2,1,5,3,2,3,1,4,1,2,3,4,2,3,1,5,2,2.8,1,3,4,4,4,2,4,4,0,0,0,0,1,0,0,0,0
VA35,4,4,2,4,5,4,3,1,3,1,1,3,2,3,4,3,1,3,3,2,2,2,4,4,4,3,2,2,0,1,0,0,0,0,0,0,0
VA7,4,4,2,4,3,3,3,1,3,3,1,2,3,4,4,3,4,2,2,4,1,2,4,4,3,2,2,4,0,1,0,0,0,0,0,0,0
AL9,2,3,2,4,3,4,3,3,2,3,1,3,2,2,3,3,2,2,2,2,1,2,2,2,2,3,3,3,0,1,0,0,0,0,0,0,0
AR50,2,3,2,3,1,3,2,1,1,1,1,1,2,2,3,2,1,2,2,1,1,2,2,2,2,4,3,3,0,1,0,0,0,0,0,0,0
AR8,2,3,2,4,2,2,2,2,4,2,1,2,2,3,3,2,1,3,2,2,1,4,3,3,3,3,3,3,0,0,0,0,1,0,0,0,0
ID28,2,3,2,3,3,2,2,1.5,3,4,2,3,3,3,3,3,1,3,3,3,4,2,2,3,2,3,1,3,0,0,0,0,0,0,0,1,0
ID82,2,3,2,3,1,3,2,3,1,1,1,3,3,3,4,3,1,3,3,3,3,2,3,3,4,3,3,3,0,0,0,0,0,0,0,1,0
KS64,2,3,2,3,3,3,3,1,1,3,1,1,2,2,3,2,1,2,2,1,1,2,2,2,2,3,3,3,1,0,0,0,0,0,0,0,0
KY18,2,3,2,2,4,3,2,4,1,5,1,2,3,3,2,3,1,4,2,2,1,3,3,4,4,3,3,3,0,0,0,0,1,0,0,0,0
MI14,2,3,2,2,1,3,2,3,1,1,1,1,2,2,3,3,1,2,2,2,1,2,2,3,3,3,3,3,0,0,0,0,0,1,0,0,0
MN112,2,3,2,2,1,3,3,1,1,1,3,4,2,2,3,2,2,3,2,2,1,2,2,4,2,3,4,2,0,0,0,1,0,0,0,0,0
NV26,2,3,2,2,3,2,2,1,1,3,3,2,1,2,3,2,1,1,1,1,1,1,2,3,3,3,2,1,0,1,0,0,0,0,0,0,0
OH13,2,3,2,3,3,2,2,4,2,3,3,2,2,2,3,2,2,3,1,1,1,2,2,2,2,3,2,2,0,1,0,0,0,0,0,0,0
OH38,2,3,2,3,4,3,3,4,2,3,3,2,3,3,3,3,2,2,1,1,1,2,4,3,2,3,3,3,0,1,0,0,0,0,0,0,0
OH41,2,3,2,2,4,2,2,2,2,3,3,2,2,2,2,3,1,2,2,1,1,3,2,2,2,3,3,3,0,1,0,0,0,0,0,0,0
OK152,2,3,2,4,3,3,3,3,2,3,2,2,1,2,3,2,1,3,3,2,1,3,3,3,3,3,3,3,0,0,0,0,1,0,0,0,0
OK18,2,3,2,2,4,2,1,2,3,1,1,2,3,3,2,3,1,2,2,2,1,3,3,3,3,3,3,3,0,0,0,0,1,0,0,0,0
OK93,2,3,2,2,3,2,2,1,3,1,2,3,2,2,3,3,1,5,2,2,1,3,3,3,3,3,3,3,0,0,0,0,1,0,0,0,0
PA105,2,3,2,2,3,2,3,1,1,3,2,2,2,2,3,2,2,2,3,2,1,2,2,2,3,2,2,2,1,0,0,0,0,0,0,0,0
PA63,2,3,2,3,1,3,2,1,4,1,1,3,3,3,4,3,2,3,2,3,1,3,4,3,3,3,3,3,1,0,0,0,0,0,0,0,0
TX129,2,3,2,2,1,3,3,1,1,1,1,2,4,3,3,3,1,3,3,2,2.3,2,3,3,3,3,2,3,0,1,0,0,0,0,0,0,0
TX203,2,3,2,2,1,3,3,2,2,1,1,1,2,3,3,3,1,5,2,2,3,3,3,3,2,3,1,3,0,0,0,0,1,0,0,0,0
TX288,2,3,2,3,3,2,3,3,1,1,1,1,2,3,4,3,1,5,3,3,2,3,4,3,3,4,2,2,0,1,0,0,0,0,0,0,0
TX31,2,3,2,3,5,4,3,3,1,4,1,2,3,3,3,2,4,3,3,1,1,2,4,3,2,3,3,3,0,1,0,0,0,0,0,0,0
TX55,2,3,2,4,4,2,2,4,5,3,5,2,2,2,3,2,2,2,2,2,2,1,2,4,4,5,2,2,0,1,0,0,0,0,0,0,0
WY82,2,3,2,2,4,3,3,1,2,2,2,3,3,4,2,2,3,3,2,3,1,2,4,3,4,3,2,2,0,0,0,1,0,0,0,0,0
AR21,3,3,2,3,2,3,3,3,2,2,2,3,3,3,2,2,2,5,2,2,1,2,3,3,3,2,3,3,0,1,0,0,0,0,0,0,0
AR3,3,3,2,3,4,3,3,3,1,2,1,4,3,3,3,2,2,4,2,1,1,2,2,3,3,3,4,3,0,1,0,0,0,0,0,0,0
AR46,3,3,2,3,3,3,3,4,4,3,1,3,3,4,3,3,4,5,1,2,1,2,4,4,3,3,3,3,0,1,0,0,0,0,0,0,0
IA22,3,3,2,2,4,3,2,1,1,3,2,3,3,2,3,2,3,3,2,3,3,4,2,4,2,2,4,4,0,0,0,0,1,0,0,0,0
IA4,3,3,2,3,3,3,3,2,3,3,3,5,3,3,3,3,2,4,2,2,1,4,4,4,4,3,4,4,0,0,0,0,0,1,0,0,0
IA5,3,3,2,4,4,3,3,3,1,3,3,5,3,4,3,3,3,4,2,3,1,3,3,3,3,3,3,3,1,0,0,0,0,0,0,0,0
IL104,3,3,2,2,4,3,2,1,1,3,1,3,3,3,3,3,3,3,2,3,1,2,3,3,3,3,2,3,0,1,0,0,0,0,0,0,0
IL108,3,3,2,2,3,3,3,3,1,2,3,3,3,3,3,3,3,4,2,2,1,2,3,3,3,3,2,3,0,1,0,0,0,0,0,0,0
KS65,3,3,2,4,3,3,3,1,3,3,2,3,3,3,3,3,1,3,3,2,1,3,4,3,3,3,3,3,1,0,0,0,0,0,0,0,0
KS69,3,3,2,2,3,3,3,3,2,3,1,2,2,2,2,2,2,4,1,1,4,2,2,2,2,3,3,3,0,0,0,0,1,0,0,0,0
KY19,3,3,2,4,3,4,4,3,1,3,1,3,3,3,3,3,2,3,2,2,1,3,3,4,4,3,3,3,0,0,0,0,1,0,0,0,0
KY20,3,3,2,4,3,4,3,4,1,2,1,3,3,3,3,3,1,3,2,2,1,3,3,3,3,3,3,3,0,0,0,0,1,0,0,0,0
MN124,3,3,2,4,3,3,3,3,1,1,3,3,2,3,3,3,2,3,3,2,1,4,3,3,4,3,3,3,0,0,0,0,0,1,0,0,0
MN154,3,3,2,1,4,2,2,4,1,1,2,2,3,2,4,3,1,5,2,2,1,2,3,3,3,4,2,2,1,0,0,0,0,0,0,0,0
MO5,3,3,2,2,5,3,2,3,1,1,1,2,2,2,3,2,2,2,2.8,3.2,1.9,1,4,4,4,2,2,2,0,1,0,0,0,0,0,0,0
MO52,3,3,2,2,3,3,3,3,3,3,3,3,3,2,3,3,3,3,2,1,1,3,2,3,3,3,3,3,0,1,0,0,0,0,0,0,0
MO7,3,3,2,2,3,3,3,3,1,1,3,3,4,2,3,3,3,3,3,1,1,5,2,2,2,4,5,4,1,0,0,0,0,0,0,0,0
MT14,3,3,2,2,2,2,2,4,1,2,2,4,4,3,4,4,1,4,4,4,4,4,3,3,3,2,3,3,0,0,0,0,0,0,0,1,0
MT20,3,3,2,3,3,5,3,1,2,1,4,1,3,3,3,3.7,1,3,2,3,1,3,3,3,3,3,3,3,0,0,1,0,0,0,0,0,0
MT94,3,3,2,2,1,2,3,1,4,1,1,3,2,3,5,2,3,4,4,4,4,2,3,4,4,3,2,3,0,0,0,0,0,0,0,1,0
OK59,3,3,2,3,2,3,2,1,1,2,1,2,3,3,3,3,1,3,2,3,1,4,4,4,3,3,3,3,0,0,0,1,0,0,0,0,0
TX136,3,3,2,3,1,2,3,2,2,1,1,2,3,3,3,3,1,4,3,1,1,4,2,4,2,2,4,4,1,0,0,0,0,0,0,0,0
WY57,3,3,2,2,1,3,3,1,5,1,1,3,3,3,3,3,1,5,4,3,4,4,3,3,2,3,3,3,0,0,0,0,0,0,0,1,0
IA2,4,3,2,2,4,2,2,2,3,5,3,5,3,2,4,3,3,4,2,2,1,4,2,2,3,3,2,3,0,0,0,0,0,1,0,0,0
SD16,4,3,2,4,2,5,3,2,2,1,3,4,4,4,3,4,2,3,1,3,1,2,4,3,3,3,3,3,1,0,0,0,0,0,0,0,0
KS8,1,2,2,1,1,1,1,1,1,1,1,2,2,2,2,1,1,1,2,1,1,1,2,2,1,3,2,2,0,0,0,0,1,0,0,0,0
PA20,1,2,2,2,1,1,1,1,1,1,1,1,1,2,2,2,1,2,2,2,1,2,4,3,2,3,2,3,0,1,0,0,0,0,0,0,0
PA90,1,2,2,2,1,2,2,3,1,1,1,4,2,2,3,3,2,4,2,2,1,4,4,3,2,3,3,3,0,1,0,0,0,0,0,0,0
WY52,1,2,2,3,2,2,2,1,3,3,1,2,2,3,3,2,1,3,4,4,4,2,3,3,4,4,3,3,0,0,0,0,0,0,0,1,0
AL14,2,2,2,3,1,3,3,3,1,1,1,3,2,2,3,2,3,3,1,1,1,2,3,3,3,3,2,2,0,1,0,0,0,0,0,0,0
AL20,2,2,2,3,1,3,3,3,1,1,1,3,3,3,3,3,3,3,1,1,1,2,2,3,3,3,3,3,0,1,0,0,0,0,0,0,0
AL48,2,2,2,3,1,2,2,1,2,1,1,4,3,2,3,2,3,4,3,2,1,2,3,2,2,3,2,3,0,1,0,0,0,0,0,0,0
AR52,2,2,2,3,1,3,3,2,1,1,1,2,2,3,2,2,3,5,2,1,1,3,2,3,3,3,3,3,0,1,0,0,0,0,0,0,0
AR54,2,2,2,2,1,2,3,4,2,1,1,3,2,2,3,3,2,5,1,2,1,2,2,3,3,4,3,2,0,1,0,0,0,0,0,0,0
AR60,2,2,2,2,1,3,3,3,1,1,1,2,3,3,3,2,2,5,1,1,1,2,3,3,3,4,3,2,1,0,0,0,0,0,0,0,0
CA245,2,2,2,2,3,3,2,1,1,3,4,1,1,4,3,1,1,1,3,3,1,3,4,4,3,4,2,2,0,1,0,0,0,0,0,0,0
CA291,2,2,2,1,1,2,1,1,1,1,1,1,1,1,1,2,2,4,2,1,1,1,2,3,1,3,3,3,1,0,0,0,0,0,0,0,0
CA44,2,2,2,2,2,2,2,1,1,1,1,2,2,2,3,2,2,2,2,1,1,3,2,3,2,3,2,2,0,1,0,0,0,0,0,0,0
CT7,2,2,2,3,1,2,3,1,4,1,1,2,2,3,3,2.7,2,5,2,2,1,2,3,3,3,2.5,2,2.9,0,1,0,0,0,0,0,0,0
FL4,2,2,2,3,1,2,3,1,1,1,4,3,2,2,4,2,1,3,3,1,1,2,2,2,2,3,2,2,0,1,0,0,0,0,0,0,0
GA21,2,2,2,3,2,3,3,4,3,2,4,4,2,3,3,2,3,3,1,3,1,2,3,3,3,4,3,3,0,1,0,0,0,0,0,0,0
IA20,2,2,2,3,4,3,2,3,1,3,3,1,2,2,3,2,2,2,1,2,1,1,1,3,3,4,2,2,1,0,0,0,0,0,0,0,0
IA50,2,2,2,3,3,2,3,3,1,1,3,2,2,2,3,2,2,3,2,2,1,3,2,2,2,3,3,3,1,0,0,0,0,0,0,0,0
ID16,2,2,2,1,1,3,2,1,1,1,1,1,2,3,4,2,1,3,3,2,1,2,5,4,3,3,2,3,1,0,0,0,0,0,0,0,0
ID51,2,2,2,1,1,1,2,3,1,1,1,2,3,3,4,3,1,5,4,3,4,3,3,3,4,3,1,3,0,0,0,0,0,0,0,1,0
ID59,2,2,2,3,1,2,2,1,1,1,2,2,3,2,4,2,1,5,1,2,1,2,2,3,3,4,1,3,0,1,0,0,0,0,0,0,0
ID76,2,2,2,2,1,5,2,1,1,1,1,2,2,3,2,3,2,3,3,3,1,3,3,3,3,3,3,3,0,1,0,0,0,0,0,0,0
IN23,2,2,2,2,4,2,2,1,2,2,2,2,2,2,2,2,2,3,4,3,1,3,3,3,3,3,3,3,0,0,0,1,0,0,0,0,0
KS56,2,2,2,3,3,2,2,2,3,3,1,2,1,4,5,2,2,3,2,2,1,1,4,3,3,3,1,2,1,0,0,0,0,0,0,0,0
KS7,2,2,2,2,3,3,3,3,2,3,3,2,2,3,3,3,1,4.3,1,2,1,2,3,3,3,3,2,3,0,0,0,1,0,0,0,0,0
KY14,2,2,2,2,3,3,3,3,3,3,3,2,2,2,3,2,2,3,2,1,1,2,2,2,2,2,2,2,0,1,0,0,0,0,0,0,0
KY31,2,2,2,2,1,2,2,3,2,1,1,2,2,2,3,2,2,3,2,2,1,2,2,3,2,3,3,3,0,0,0,0,1,0,0,0,0
KY32,2,2,2,2,2,2,2,3,1,1,2,2,2,2,3,2,2,3,2,2,1,2,2,3,3,3,3,3,0,0,0,0,1,0,0,0,0
KY33,2,2,2,2,2,3,3,3,2,1,2,2,2,2,3,2,2,3,2,2,1,2,2,3,3,3,3,3,0,0,0,0,1,0,0,0,0
KY49,2,2,2,3,3,2,3,3,2,2,2,2,2,3,3,2,2,2,2,2,1,2,2,3,3,3,2,2,0,1,0,0,0,0,0,0,0
LA20,2,2,2,3,2,2,3,1,1,4,1,2,2,2,1,1,1,3,2,1,2,2,2,2,2,3,1,1,0,1,0,0,0,0,0,0,0
LA23,2,2,2,3,1,2,3,1,1,1,4,1,1,2,3,2,1,4,1,1,1,1,1,2,2,3,2,2,0,1,0,0,0,0,0,0,0
LA30,2,2,2,3,1,2,3,2,1,1,3,1,2,2,4,2,1,3,3,1,3,2,2,3,2,3,2,2,0,1,0,0,0,0,0,0,0
LA31,2,2,2,3,1,2,3,1,1,1,5,2,2,3,5,3,1,2,1,1,1,2,3,3,3,3,2,2,0,1,0,0,0,0,0,0,0
LA38,2,2,2,3,1,2,3,2,2,1,2,2,1,2,3,2,1,3,1,1,1,2,2,2,2,3,2,2,0,1,0,0,0,0,0,0,0
LA39,2,2,2,3,1,2,3,3,1,1,1,2,2,3,3,2,2,2,3,1,1,2,3,3,2,3,3,3,0,1,0,0,0,0,0,0,0
LA46,2,2,2,3,4,1,2,1,2,1,1,2,1,1,2,2,1,5,3,1,1,1,1,3,2,4,3,2,0,1,0,0,0,0,0,0,0
LA6,2,2,2,3,1,2,3,2,2,2,4,2,2,3,4,2,2,2,2,1,1,2,3,3,2,3,2,2,0,1,0,0,0,0,0,0,0
MO64,2,2,2,3,4,2,2,1,1,3,3,2,3,3,3,3,1,4,3,2,1,3,4,3,3,3,3,3,0,0,0,0,1,0,0,0,0
MS15,2,2,2,3,1,1,1,1,1,1,1,3,3,2,3,3,3,3,2,1,1,5,1,1,1,3,5,5,0,1,0,0,0,0,0,0,0
MS16,2,2,2,2,1,3,3,1,1,3,2,3,4,4,3,3,3,3,3,3,1,3,4,4,5,2,1,3,1,0,0,0,0,0,0,0,0
MS25,2,2,2,3,1,2,2,1,1,1,1,3,2,2,3,2,3,3,4,2,1,3,2,3,3,3,3,3,0,1,0,0,0,0,0,0,0
MT92,2,2,2,3,1,3,3,1,1,2,1,1,2,3,3,2,1,1,4,2,1,1,3,3,3,4,3,2,0,0,0,0,0,0,0,1,0
MT98,2,2,2,1,1,2,2,1,3,2,2,2,2,4,3,3,1,3,4,4,4,2,4,4,4,3,3,3,0,0,0,0,0,0,0,1,0
NC55,2,2,2,3,3,3,3,3,3,3,3,2,2,2,3,3,2,3,2,2,1,2,2,2,2,3,3,3,0,1,0,0,0,0,0,0,0
NC9,2,2,2,2,2,3,3,1,1,2,3,2,3,3,3,3,1,5,2,2,1,2,2,2,3,3,3,3,1,0,0,0,0,0,0,0,0
NC98,2,2,2,3,3,3,3,3,1,3,3,3,3,3,3,3,3,3,2,2,1,2,2,2,2,3,3,3,0,1,0,0,0,0,0,0,0
ND49,2,2,2,2,2,4,2,3,1,2,2,1,1,3,4,1,1,1,2,2,3,2,3,3,3,3,3,3,0,0,1,0,0,0,0,0,0
ND8,2,2,2,2,2,2,2,3,2,2,4,2,2,2,2,2,1,2,3,2,3,2,2,3,3,3,3,3,0,0,1,0,0,0,0,0,0
OH29,2,2,2,2,4,2,1,1,4,3,3,2,2,2,2,2,2,3,2,2,1,3,3,3,3,4,3,3,0,0,0,0,1,0,0,0,0
OH36,2,2,2,3,3,3,3,3,3,2,3,2,2,3,3,2,2,2,1,2,4,2,3,3,3,3,2,2,0,0,0,1,0,0,0,0,0
OH37,2,2,2,2,3,3,3,1,1,4,4,4,2,2,3,3,1,2,1,1,1,2,4,2,2,2,2,2,0,1,0,0,0,0,0,0,0
OK117,2,2,2,3,1,3,3,3,3,1,1,2,2,4,3,2,1,3,2,3,1,2,3,3,2,3,2,2,0,1,0,0,0,0,0,0,0
OK120,2,2,2,2,2,3,2,1,1,2,2,1,2,3,4,2,1,3,1,2,1,1,3,4,4,4,2,2,0,1,0,0,0,0,0,0,0
OK121,2,2,2,3,1,3,3,4,1,1,1,2,2,4,3,2,3,3,2,3,1,2,3,3,3,3,1,2,0,1,0,0,0,0,0,0,0
OK138,2,2,2,3,1,3,3,3,3,1,1,2,2,2,3,2,1,3,2,2,1,2,2,2,3,3,2,2,0,1,0,0,0,0,0,0,0
OK139,2,2,2,3,1,3,3,3,3,1,1,2,2,2,2,2,1,3,2,2,1,2,2,2,2,3,2,2,0,1,0,0,0,0,0,0,0
OK140,2,2,2,3,1,3,3,1,2,1,1,3,2,2,3,2,1,3,2,2,1,2,3,3,3,3,3,3,0,1,0,0,0,0,0,0,0
OK145,2,2,2,3,1,3,3,3,1,1,1,3,3,3,3,3,1,4,2,2,1,2,3,3,2,3,2,2,0,1,0,0,0,0,0,0,0
OK146,2,2,2,3,1,2,3,3,1,1,1,2,2,2,3,2,2,2,1,1,1,1,2,3,3,4,1,1,0,1,0,0,0,0,0,0,0
OK156,2,2,2,3,1,3,3,3,3,1,1,2,3,3,3,3,1,2,2,1,1,2,3,3,2,3,2,2,0,1,0,0,0,0,0,0,0
OK162,2,2,2,3,1,3,3,1,3,1,1,3,3,3,3,3,1,4,2,1,1,4,2,3,2,3,3,3,0,0,0,1,0,0,0,0,0
OK30,2,2,2,2,4,2,3,1,1,3,1,3,2,2,3,3,3,2,1,2,1,2,2,2,2,4,2,2,0,0,0,1,0,0,0,0,0
OK31,2,2,2,2,4,2,3,3,2,3,2,2,2,3,3,3,1,5,2,3,1,3,4,3,3,2,4,3,0,0,0,0,1,0,0,0,0
OK32,2,2,2,3,2,1,2,1,1,1,2,1,2,2,4,2,1,5,2,1,1,2,2,2,2,3,2,2,0,0,0,1,0,0,0,0,0
OK39,2,2,2,2,3,2,3,2,3,3,1,2,2,2,3,3,2,3,1,1,1,2,1,2,2,4,2,2,0,0,0,1,0,0,0,0,0
OK57,2,2,2,2,4,1,3,1,4,4,2,2,2,2,3,2,1,4,2,1,1,3,2,2,2,2,4,3,0,0,0,1,0,0,0,0,0
OK62,2,2,2,2,1,3,3,1,2,1,1,3,2,2,3,2,1,4,2,1,1,2,2,3,3,3,2,2,0,1,0,0,0,0,0,0,0
OK64,2,2,2,3,1,3,2,1,1,1,1,2,2,3,3,2,1,4,2,2,1,2,3,3,4,3,3,3,0,0,0,1,0,0,0,0,0
OK75,2,2,2,2,1,3,2,1,1,1,1,3,2,2,2,2,1,4,1,1,1,2,2,3,3,3,3,2,0,1,0,0,0,0,0,0,0
OK80,2,2,2,3,1,2,2,2,1,1,1,2,2,2,4,2,1,2,2,2,1,2,2,2,2,3,2,2,0,0,0,0,1,0,0,0,0
OK85,2,2,2,3,1,2,3,4,1,1,3,2,3,2,3,3,3,2,2,1,1,2,2,3,3,3,3,3,0,1,0,0,0,0,0,0,0
PA100,2,2,2,2,1,2,3,1,1,1,1,2,2,2,3,3,1,2,2,2,1,2,3,3,3,3,2,2,0,1,0,0,0,0,0,0,0
PA13,2,2,2,2,1,2,3,1,1,1,1,2,2,2,3,3,1,4,1,1,1,3,3,2,2,3,3,3,0,1,0,0,0,0,0,0,0
PA81,2,2,2,3,1,2,3,1,1,1,5,2,3,3,3,3,1,5,2,3,1,2,4,4,3,3,3,3,0,0,0,1,0,0,0,0,0
SD19,2,2,2,3,1,2,3,1,5,4,1,4,3,3,3,4,3,3,2,3,4,3,3,3,3,3,3,2,0,0,0,0,0,0,0,1,0
SD23,2,2,2,3,3,3,3,4,3,3,2,2,2,2,2,3,2,3,1,2,1,2,3,2,3,3,2,3,0,0,0,1,0,0,0,0,0
SD27,2,2,2,3,1,2,3,1,5,4,1,4,2,4,2,4,1,5,2,4,4,3,3,3,3,2,1,3,0,0,0,0,0,0,0,1,0
TX101,2,2,2,2,3,3,3,3,1,2,2,3,2,2,4,2,3,3,1,1,2,2,2,3,3,3,3,3,0,1,0,0,0,0,0,0,0
TX133,2,2,2,3,3,3,3,2,1,3,3,2,2,2,3,1,1,2,2,1,1,2,2,2,2,3,2,2,0,1,0,0,0,0,0,0,0
TX143,2,2,2,3,1,2,3,4,3,1,1,1,2,2,3,3,1,4,3,2,1,3,2,2,3,3,3,3,1,0,0,0,0,0,0,0,0
TX174,2,2,2,3,1,3,3,2,1,1,1,3,3,2,3,3,1,5,1,1,2,2,2,2,1,1,3,4,0,1,0,0,0,0,0,0,0
TX177,2,2,2,2,2,2,2,1,1,1,1,2,2,2,3,2,1,1,3,2,1,2,2,3,3,3,3,3,0,1,0,0,0,0,0,0,0
TX179,2,2,2,2,4,3,3,1,1,1,5,2,1,1,2,1,1,1,1,1,1,1,1,3,3,3,3,2,0,1,0,0,0,0,0,0,0
TX199,2,2,2,2,1,3,3,1,4,1,1,2,1,1,1,1,1,3,2,1,1,3,2,2,1,3,3,2,0,1,0,0,0,0,0,0,0
TX204,2,2,2,2,1,2,1,1,1,1,1,2,2,1,2,2,2,4,3,2,1,2,2,2,2,3,3,2,0,1,0,0,0,0,0,0,0
TX222,2,2,2,3,2,3,3,2,2,3,3,3,2,3,4,2,1,4,3,2,1,2,3,3,3,4,2,2,0,1,0,0,0,0,0,0,0
TX229,2,2,2,2,3,3,3,1,1,1,4,2,3,3,2,3,1,5,2,2,1,2,2,4,4,3,3,3,0,1,0,0,0,0,0,0,0
TX231,2,2,2,3,2,3,3,3,4,2,1,4,3,3,3,3,4,3,3,2,1,3,3,2,2,3,3,3,0,1,0,0,0,0,0,0,0
TX25,2,2,2,3,1,2,3,1,1,1,1,3,3,3,3,3,3,4,4,2,1,3,3,3,4,4,3,3,0,1,0,0,0,0,0,0,0
TX29,2,2,2,3,4,3,3,1,1,3,3,2,2,2,3,2,1,1,1,1,1,2,2,2,2,3,2,2,0,1,0,0,0,0,0,0,0
VA30,2,2,2,2,4,3,2,1,1,4,1,3,2,2,3,2,1,3,3,2,1,2,2,2,2,3,3,3,0,1,0,0,0,0,0,0,0
VA36,2,2,2,3,3,3,3,1,4,3,1,2,2,2,4,2,1,4,3,2,1,1,2,2,3,3,1,2,0,1,0,0,0,0,0,0,0
VA40,2,2,2,3,3,3,3,1,3,1,1,3,2,2,3,3,2,3,3,2,1,2,3,3,2,3,3,3,0,1,0,0,0,0,0,0,0
VA44,2,2,2,3,3,1,1,1,3,1,4,2,2,2,4,3,1,3,4,2,1,2,3,3,3,3,3,3,0,1,0,0,0,0,0,0,0
WI154,2,2,2,2,2,3,2,1,1,1,1,2,3,3,3,3,1,2,1,2,1,2,3,3,3,3,3,3,0,0,0,1,0,0,0,0,0
WY24,2,2,2,2,3,3,3,1,5,1,1,1,1,1,3,3,1,3,3,1,4,1,1,3,4,3,3,3,0,0,0,1,0,0,0,0,0
ID21,3,2,2,2,5,3,2,1,4,1,2,3,2,3,3,2,2,2,2,3,1,3,4,2,2,3,2,2,0,1,0,0,0,0,0,0,0
KS18,3,2,2,2,4,3,2,1,3,3,2,2,3,4,5,3,1,3,3,4,1,2,4,4,4,3,2,2,1,0,0,0,0,0,0,0,0
OK112,3,2,2,3,1,3,3,4,1,1,1,4,4,5,3,4,5,4,2,3,1,3,4,3,3,3,3,3,0,1,0,0,0,0,0,0,0
OK56,3,2,2,3,1,2,3,1,3,1,1,2,2,2,1,3,1,4,2,2,1,2,2,3,3,3,3,3,0,1,0,0,0,0,0,0,0
PA69,3,2,2,3,4,2,2,1,1,1,1,1,3,2,1,1,1,1,2,1,1,4,2,2,3,3,4,4,1,0,0,0,0,0,0,0,0
TN43,3,2,2,2,3,2,3,3,1,2,3,3,2,4,3,3,3,4,2,3,1,2,4,3,3,3,3,3,0,1,0,0,0,0,0,0,0
AZ24,1,1,2,1,5,2,2,1,2,5,1,1,1,3,1,2,1,2,3,2,1,1,3,2,1,3,2,2,0,0,0,0,1,0,0,0,0
KY38,1,1,2,2,3,3,3,4,4,1,1,3,2,3,3,3,3,4,2,1,1,1,4,3,4,3,3,3,0,1,0,0,0,0,0,0,0
AL33,2,1,2,2,1,2,3,3,1,1,2,1,1,2,3,3,1,4,1,2,1,2,2,1,1,3,4,4,0,1,0,0,0,0,0,0,0
AL47,2,1,2,2,1,2,2,3,1,1,2,1,2,2,3,3,1,4,2,1,1,1,2,2,1,2,4,4,0,1,0,0,0,0,0,0,0
KS25,2,1,2,1,3,4,3,3,4,3,4,2,3,3,4,3,1,5,1,1,4,3,2,2,2,4,3,2,0,0,0,1,0,0,0,0,0
KS31,2,1,2,2,4,2,2,3,3,1,1,2,2,2,2,1,1,1,2,1,2,3,2,2,2,3,2,2,0,0,0,0,1,0,0,0,0
ND5,2,1,2,3,5,3,2,5,3,1,1,1,1,2,2,3,1,4,3,2,4,2,3,2,2,4,2,2,0,0,0,1,0,0,0,0,0
PA122,2,1,2,2,1,1,3,1,1,1,1,3,2,2,1,2,1,3,2,1,1,2,2,2,1,3,1,1,0,0,0,1,0,0,0,0,0
TX131,2,1,2,2,1,2,2,2,1,1,1,2,2,2,1,2,1,1,2,1,1,2,2,1,1,2,3,2,0,1,0,0,0,0,0,0,0
ID27,3,1,2,2,2,2,2,1,3,3,3,2,3,4,4,4,1,5,4,3,4,3,4,4,4,3,3,3,0,0,0,0,0,0,0,1,0
ID11,3,4,2.4,3,1,1,2,1,5,1,2,1,2,5,3,4,1,5,4,4,4,2,4,4,4,3,3,3,0,0,0,0,0,0,0,1,0
CA259,2,5,3,4,2,2,2,4,1,1,1,2,2,3,2,2,1,1,1,1,1,5,2,2,2,2,1,1,0,0,0,0,0,0,0,1,0
CO148,3,5,3,4,5,3,3,3,3,4,3,3,3,3,3,3,4,3,2,2,4,3,3,3,4,3,4,4,0,0,0,0,0,0,0,1,0
IA49,3,5,3,5,4,3,3,2,3,3,2,3,4,4,3,4,2,4,2,4,1,4,4,4,4,3,3,3,1,0,0,0,0,0,0,0,0
IL16,3,5,3,4,3,3,3,4,4,3,4,4,3,3,3,3,5,3,2,3,1,2,3,4,4,3,1,1,1,0,0,0,0,0,0,0,0
KS12,3,5,3,5,3,3,3,2,3,3,1,3,3,3,3,4,2,3,3,3,1,4,4,4,3,3,3,3,1,0,0,0,0,0,0,0,0
MT26,3,5,3,4,5,3,2,1,3,5,3,3,3,3,3,3,1,4,4,4,2,3,3,3,3,3,3,3,0,0,0,0,0,0,0,1,0
NV39,3,5,3,2,5,2,2,1,3,1,3,3,3,3,3,3,1,3,2,2,1,2,2,3,3,3,2,2,0,1,0,0,0,0,0,0,0
OH20,3,5,3,4,4,3,3,3,3,4,3,4,3,3,3,3,4,4,2,2,1,3,4,4,4,3,3,3,0,1,0,0,0,0,0,0,0
PA76,3,5,3,3,4,4,2,4,4,5,4,3,3,3,2,3,4,2,1,2,1,2,4,4,4,3,2,3,0,1,0,0,0,0,0,0,0
TX160,3,5,3,3,1,3,3,1,1,3,2,3,3,3,3,3,3,3,1,1,1,3,2,3,3,3,3,2,0,1,0,0,0,0,0,0,0
TX175,3,5,3,5,1,3,3,2,1,1,1,3,3,3,3,3,3,3,4,3,2,4,3,3,3,3,3,3,0,1,0,0,0,0,0,0,0
TX18,3,5,3,3,3.1,3,3,2,4,4,1,3,2,3,4,3,1,3,1,1,1,1,3,3,3,3,3,2,0,1,0,0,0,0,0,0,0
CA141,4,5,3,4,3,3,2,1,1,3,3,3,4,3,4,3,2,4,4,3,1,4,3,4,3,3,3,3,0,0,0,1,0,0,0,0,0
IA10,4,5,3,5,4,3,2,5,4,4,3,4,3,3,4,2,2,3,3,3,1,5,5,4,4,3,4,4,0,0,0,0,1,0,0,0,0
IN32,4,5,3,3,5,3,2,1,1,4,3,2,4,3,1,4,2,3,2,2,1,2,4,3,3,3,2,2,0,1,0,0,0,0,0,0,0
IN37,4,5,3,2,4,3,2,1,3,2,2,4,3,3,2,4,3,3,3,2,1,4,3,3,3,3,3,3,1,0,0,0,0,0,0,0,0
NE34,4,5,3,4,5,4,2,4,3,4,3,3,3,3,3,3,3,3,2,2,1,4,3,3,3,3,3,3,0,0,0,0,0,0,1,0,0
PA82,4,5,3,5,4,4,3,3,4,3,3,3,3,4,3,3,3,3,2,3,1,3,4,4,4,3,3,3,0,1,0,0,0,0,0,0,0
CA11,5,5,3,2,4,5,2,1,5,1,1,4,4,4,4,4,2,3,3,3,3,5,5,5,3,3,3,3,0,0,0,0,0,0,0,1,0
CT56,5,5,3,2,2,5,4,1,1,1,1,3,3,3,3,3,5,3,2,3,1,3,3,4,4,2.5,2,3,0,1,0,0,0,0,0,0,0
OR9,5,5,3,3,1,3,3,3,3,3,3,5,5,3,5,5,3,4,3,4,1,5,3,3,4,3,2,3,1,0,0,0,0,0,0,0,0
WY61,2,4,3,3,4,3,3,1,3,4,2,2,2,2,4,2,1,3,3,2,4,2,2,3,3,3,2,2,0,0,0,0,0,0,0,1,0
AL13,3,4,3,3,1,3,3,3,1,1,2,4,3,3,2,3,4,3,3,3,1,3,3,4,4,3,3,3,0,1,0,0,0,0,0,0,0
AL7,3,4,3,4,3,4,3,3,1,3,1,2,3,3,3,2,1,3,2,1,1,3,3,3,3,3,3,3,0,1,0,0,0,0,0,0,0
AR10,3,4,3,3,4,2,2,3,1,1,1,3,3,3,3,3,2,4,3,3,1,3,2,3,3,3,3,4,1,0,0,0,0,0,0,0,0
AR14,3,4,3,3,3,3,3,4,4,4,1,3,4,3,3,4,4,2,2,2,1,4,3,3,3,3,4,4,0,1,0,0,0,0,0,0,0
AR15,3,4,3,4,2,4,3,2,2,3,3,2,3,3,4,2,2,4,2,1,1,3,3,4,4,3,3,3,0,1,0,0,0,0,0,0,0
AR23,3,4,3,3,4,4,3,4,3,4,2,3,3,3,3,4,4,4,2,2,1,3,3,3,3,2,4,3,0,1,0,0,0,0,0,0,0
CA244,3,4,3,3,3,4,2,3,3,3,2,3,3,4,3,3,2,4,3,3,4,3,3,4,3,3,3,3,0,0,0,0,0,0,0,1,0
CA36,3,4,3,3,2,3,3,3,4,2,1,4,4,3,2,4,3,4,1,1,1,4,2,3,2,3,4,4,0,0,0,0,0,0,0,0,1
GA29,3,4,3,4,2,4,3,3,2,3,3,1,4,5,2,4,2,3,2,3,1,3,4,3,3,3,3,4,0,0,0,0,1,0,0,0,0
IA14,3,4,3,4,4,2.5,2,3,2,4,2,3,2,3,3,2,2,3,3,3,1,4,4,4,4,3,3,3,0,0,0,0,1,0,0,0,0
IA25,3,4,3,4,5,4,2,3,4,4,2,4,3,3,3,3,1,3,3,2,1,3,2,3,2,3,3,3,0,0,0,0,0,1,0,0,0
IA40,3,4,3,3,4,3,3,1,1,3,3,3,3,3,3,3,3,4,2,2,1,3,4,3,3,3,3,3,0,0,0,0,1,0,0,0,0
IA46,3,4,3,4,2,3,2,3,3,3,2,5,3,3,2,3,4,5,2,3,1,3,2,2,2,3,3,2,0,0,0,0,0,1,0,0,0
IA9,3,4,3,4,4,3,2,2,2,5,2,2,2,3,3,3,1,3,3,3,1,3,3,3,3,3,3,3,0,0,0,0,1,0,0,0,0
ID44,3,4,3,3,1,3,2,3,1,1,1,4,4,4,3,5,1,3,3,3,4,4,4,4,5,3,3,4,0,0,0,0,0,0,0,0,1
IL10,3,4,3,3,1,4,3,4,1,1,1,2,2,3,4,3,2,3,1,3,2,3,3,4,3,3,3,3,0,1,0,0,0,0,0,0,0
IL34,3,4,3,3,3,3,3,3,3,2,3,3,3,3,3,3,3,4,2,3,1,3,3,3,3,3,2,3,0,1,0,0,0,0,0,0,0
IL59,3,4,3,3,3,4,3,2,1,3,1,3,3,4,3,4,4,3,2,3,1,3,3,3,3,3,3,3,0,1,0,0,0,0,0,0,0
IL82,3,4,3,4,1,3,3,4,1,1,1,3,3,3,2,3,3,4,2,3,1,3,5,3,3,3,3,4,1,0,0,0,0,0,0,0,0
IL88,3,4,3,3,2,2,3,3,2,2,2,4,3,3,3,3,1,3,2,1,1,3,3,3,3,3,3,3,0,0,0,0,0,1,0,0,0
IL99,3,4,3,3,2,4,3,4,1,1,2,3,3,4,4,3,4,3,2,2,1,3,4,3,3,3,3,3,0,0,0,0,0,1,0,0,0
IN41,3,4,3,3,4,4,3,1,4,3,2,4,3,4,2,4,5,3,2,2,1,2,4,4,4,3,2,2,0,1,0,0,0,0,0,0,0
IN49,3,4,3,3,4,3,3,2,4,2,2,3,3,4,1,4,5,5,2,3,1,4,4,3,3,3,3,3,0,1,0,0,0,0,0,0,0
KS28,3,4,3,4,2,3,3,2,4,2,2,3,3,3,3,3,1,3,1,2,4,4,4,3,3,3,3,3,0,0,0,1,0,0,0,0,0
KS50,3,4,3,3,3,2,3,2,2,2,1,3,3,3,3,3,2,2,2,2,1,4,4,4,4,3,3,3,1,0,0,0,0,0,0,0,0
LA35,3,4,3,3,2,3,3,1,1,1,1,2,3,3,3,3,2,3,3,2,2,3,3,3,3,3,3,3,0,1,0,0,0,0,0,0,0
LA51,3,4,3,3,1,3,3,2,1,2,1,3,3,3,3,3,3,3,3,2,2,3,3,3,3,3,3,3,0,1,0,0,0,0,0,0,0
LA58,3,4,3,3,5,3,3,1,1,5,3,2,4,3,3,4,3,4,2,4,1,3,4,4,4,3,3,3,1,0,0,0,0,0,0,0,0
LA7,3,4,3,3,1,3,3,1,2,1,1,1,3,3,4,3,4,3,3,2,2,3,3,3,3,3,3,3,0,1,0,0,0,0,0,0,0
MN94,3,4,3,4,1,3,3,1,1,1,3,3,2,3,3,2,1,3,1,2,1,3,4,3,4,3,4,3,0,0,0,1,0,0,0,0,0
MO18,3,4,3,4,3,3,3,1,1,1,2,1,3,3,3,3,1,4,2,2,1,3,3,3,3,3,3,3,0,1,0,0,0,0,0,0,0
MO26,3,4,3,3,2,3,3,1,1,3,1,4,3,4,3,3,1,3,2,2,1,3,3,3,3,3,3,3,0,0,0,0,1,0,0,0,0
MO40,3,4,3,3,3,2,3,1,1,1,1,1,1,3,1,1,1,5,4.2,2,1,4,2,2,2,3,3,3,0,1,0,0,0,0,0,0,0
MO47,3,4,3,3,3,3,3,3,3,4,3,5,3,3,2,3,5,3,2,2,1,3,3,4,3,3,4,3,0,1,0,0,0,0,0,0,0
MO56,3,4,3,4,1,4,3,5,1,1,1,3,4,4,3,4,3,4,2,2,1,3,4,5,4,3,3,3,1,0,0,0,0,0,0,0,0
MO58,3,4,3,3,2,3,3,3,1,1,2,3,3,2,3,3,3,3,3,2,1,3,2,3,2,3,3,2,0,1,0,0,0,0,0,0,0
MS2,3,4,3,4,1,3,3,2,1,1,1,4,3,3,3,3,4,5,3,3,1,4,4,4,4,3,3,3,1,0,0,0,0,0,0,0,0
MS24,3,4,3,4,1,3,3,2,1,1,1,5,3,3,3,3,5,5,3,3,1,4,4,4,4,3,3,3,1,0,0,0,0,0,0,0,0
MS44,3,4,3,4,1,1,1,2,2,1,1,3,2,5,3,3,1,3,2,4,2,2,5,5,5,3,1,1,0,1,0,0,0,0,0,0,0
NC68,3,4,3,4,1,3,3,3,1,1,3,5,3,4,3,4,3,5,4,3,2,3,4,4,5,3,3,3,0,1,0,0,0,0,0,0,0
NE17,3,4,3,4,4,4,2,3,3,3,2,4,3,4,3,3,4,4,2,3,3,4,4,3,3,3,3,3,0,0,0,1,0,0,0,0,0
NE23,3,4,3,4,2,4,3,3,3,3,1,3,3,4,3,4,3,4,2,3,4,4,4,4,4,3,3,3,0,0,0,1,0,0,0,0,0
NE29,3,4,3,3,4,2,2,1,2,4,1,2,4,2,1,3,1,4,2,2,4,4,2,4,4,2,3,3,0,1,0,0,0,0,0,0,0
OH34,3,4,3,3,3,3,2,1,4,5,3,3,3,2,3,3,5,3,2,2,1,3,3,4,4,3,3,3,0,1,0,0,0,0,0,0,0
OK29,3,4,3,3,1,3,3,1,1,1,1,4,3,2,3,3,1,4,3,2,1,4,2,3,2,3,3,3,0,0,0,1,0,0,0,0,0
OK95,3,4,3,4,1,3,2,1,3,1,2,3,2,4,3,3,1,4,2,3,1,3,5,5,4,3,3,3,0,1,0,0,0,0,0,0,0
SD2,3,4,3,3,3,4,3,3,4,3,2,2,3,3,3,3,1,5,3,3,3,3,3,3,3,3,3,3,0,0,0,1,0,0,0,0,0
TN44,3,4,3,4,1,4,3,2,4,1,1,4,4,4,3,3,5,4,3,2,1,3,4,4,3,3,3,3,0,1,0,0,0,0,0,0,0
TN46,3,4,3,3,2,4,3,1,1,2,1,4,4,3,3,4,3,4,2,2,1,4,3,3,3,3,4,3,0,1,0,0,0,0,0,0,0
TX100,3,4,3,4,3,3,2,3,3,2,2,4,4,4,2,4,3,2,2,3,1,5,4,4,3,3,3,3,0,0,0,0,1,0,0,0,0
TX147,3,4,3,3,3,2,3,2,1,1,1,2,3,3,3,3,3,3,2,3,1,4,4,4,4,3,3,4,1,0,0,0,0,0,0,0,0
TX15,3,4,3,4,1,2,2,1,4,1,1,4,3,3,3,3,2,4,3,2,1,3,4,4,4,3,3,3,1,0,0,0,0,0,0,0,0
TX157,3,4,3,3,2,3,2,1,1,1,1,2,2,3,3,3,2,3,2,3,1,4,4,4,4,3,3,4,1,0,0,0,0,0,0,0,0
TX215,3,4,3,3,3,4,3,1,1,1,1,4,4,3,3,4,1,4,4,3,1,2,3,3,3,3,3,3,0,1,0,0,0,0,0,0,0
TX227,3,4,3,4,1,3,3,1,1,1,1,2,2,3,3,2,1,3,2,2,1,2,3,3,3,3,3,3,1,0,0,0,0,0,0,0,0
TX265,3,4,3,2,1,3,3,3,2,2,1,3,3,3,3,3,2,3,2,3,1,4,4,4,4,2,4,4,0,0,0,0,1,0,0,0,0
TX76,3,4,3,3,1,3,3,2,1,1,1,1,3,3,1,3,1,3,2,2,1,3,3,4,3,3,3,3,0,0,0,0,1,0,0,0,0
TX94,3,4,3,3,2,3,3,2,1,2,3,2,3,4,3,3,1,4,2,3,1,3,4,3,3,3,3,3,0,1,0,0,0,0,0,0,0
UT18,3,4,3,3,1,2,3,2,1,1,1,3,3,4,3,4,1,2,3,4,4,3,4,3,2,2,2.6,3,0,0,0,0,0,0,0,1,0
VA49,3,4,3,4,4,3,3,1,3,3,3,4,4,4,3,4,4,4,4,3,1,4,4,4,4,3,3,3,0,1,0,0,0,0,0,0,0
VA51,3,4,3,4,2,3,3,3,1,2,1,3,4,4,3,3,3,3,3,3,2,3,4,4,4,3,3,3,0,1,0,0,0,0,0,0,0
WV2,3,4,3,3,4,3,3,1,3,1,3,2,2,3,3,3,2,4,2,2,1,3,3,3,3,3,3,3,0,1,0,0,0,0,0,0,0
WY27,3,4,3,3,3,4,3,1,4,2,1,3,3,3,3,3,1,3,4,2,4,3,3,4,3,3,3,3,0,0,0,1,0,0,0,0,0
WY83,3,4,3,3,1,3,3,1,1,1,1,2,4,4,3,4,1,2,4,4,1,3,3,3,3,3,3,3,0,0,0,0,0,0,0,1,0
AL17,4,4,3,4,2,4,4,2,1,1,3,4,4,4,3,4,5,4,3,3,1,4,5,5,5,3,2,2,0,1,0,0,0,0,0,0,0
AL25,4,4,3,3,2,3,3,2,2,1,3,4,3,4,4,3,4,4,2,3,1,4,4,4,4,3,2,2,0,1,0,0,0,0,0,0,0
AR11,4,4,3,3,3,3,3,3,1,1,1,3,3,3,3,3,3,4,2,2,2,3,4,3,3,3,3,3,0,1,0,0,0,0,0,0,0
AR73,4,4,3,3,1,3,3,2,1,1,1,4,4,3,3,3,3,3,2,3,1,4,4,4,3,3,3,3,1,0,0,0,0,0,0,0,0
AZ20,4,4,3,5,2,5,3,1,1,5,2,4,3,5,3,4,4,4,3,3,1,3,4,5,3,3,4,4,0,1,0,0,0,0,0,0,0
CA157,4,4,3,2,5,4,2,3,1,4,1,4,3,3,4,4,1,1,4,4,4,5,5,5,3,3,1,1,0,0,0,0,0,0,0,1,0
CA282,4,4,3,3,2,3,3,3,1,1,4,3,3,4,3,3,3,3,2,3,1,3,3,3,4,3,3,3,0,1,0,0,0,0,0,0,0
CA64,4,4,3,4,1,3,2,2,1,1,1,3,3,3,3,2,1,2,4,2,1,3,2,3,3,3,3,3,0,0,0,1,0,0,0,0,0
CA74,4,4,3,3,2,4,3,1,4,3,1,5,4,4,3,4,2,4,4,4,4,4,4,4,3,3,3,3.1,0,0,0,0,0,0,0,1,0
CT42,4,4,3,3,1,3,3,1,4,1,3,2,3,3,3,3,4,5,2,2,1,4,4,4,4,2.7,3,3,0,1,0,0,0,0,0,0,0
FL12,4,4,3,2,4,3,3,3,3,4,1,2,2,4,3,3,1,5,2,3,1,3,4,4,4,2,3,3,0,0,0,0,1,0,0,0,0
IA39,4,4,3,3,4,4,3,1,1,4,2,3,3,3,3,3,3,3,3,2,1,3,2,3,3,3,3,3,0,0,0,0,1,0,0,0,0
IL30,4,4,3,3,3,3,3,3,3,3,4,2,3,4,3,3,1,5,3,3,1,3,4,4,4,3,2,3,0,1,0,0,0,0,0,0,0
IL36,4,4,3,3,3,3,3,4,3,2,3,4,4,4,3,4,3,4,3,3,2,3,4,4,4,3,2,3,0,1,0,0,0,0,0,0,0
IL57,4,4,3,2.3,1,1,1,3,2,1,1,3,3,4,3,3,4,4,3,3,1,4,5,5,4,3,4,4,0,1,0,0,0,0,0,0,0
IL79,4,4,3,4,4,2,3,4,5,5,4,3,4,4,5,5,2,5,3,2,1,5,3,3,4,4,3,3,0,0,0,0,1,0,0,0,0
IN46,4,4,3,4,4,4,3,3,3,3,3,2,3,3,4,3,3,2,2,2,1,2,3,4,4,3,2,2,0,1,0,0,0,0,0,0,0
KS46,4,4,3,3,2,4,3,1,1,1,4,2,3,3,3,2,1,2,2,1,1,2,3,3,3,3,3,3,0,0,0,0,1,0,0,0,0
KS48,4,4,3,4,1,3,3,3,1,1,1,4,3,3,2,3,3,3,2,2,2,4,3,4,4,3,3,3,0,0,0,1,0,0,0,0,0
KY11,4,4,3,4,2,3,3,3,4,2,2,3,3,4,3,3,3,3,2,3,1,3,4,4,4,3,3,3,0,1,0,0,0,0,0,0,0
KY52,4,4,3,4,3,2,3,3,2,3,2,4,4,3,3,3,5,4,3,2,1,4,3,3,3,3,3,3,0,1,0,0,0,0,0,0,0
MO24,4,4,3,4,4,3,3,3,2,3,2,2,4,4,3,4,3,2,2,3,1,4,4,3,3,3,3,3,0,1,0,0,0,0,0,0,0
MS6,4,4,3,3,1,2,3,1,1,2,2,2,2,4,3,3,1,3,4,4,1,2,4,4,5,2,1,3,1,0,0,0,0,0,0,0,0
MT103,4,4,3,3,3,5,4,1,1,3,1,3,3,3,3,3,1,4,3,3,1,3,4,4,4,3,3,3,0,0,1,0,0,0,0,0,0
MT60,4,4,3,3,2,5,3,1,3,1,1,5,3,3,3,3,1,3,2,3,1,4,3,3,3,3,3,3,0,0,0,1,0,0,0,0,0
MT68,4,4,3,3,1,4,3,1,3,1,1,3,2,5,5,3,1,4,2,4,4,2,4,5,5,3,1,1,0,0,0,0,0,0,0,1,0
NE45,4,4,3,4,4,3,2,4,4,3,4,4,3,3,3,3,3,3,2,2,4,3,3,3,3,3,3,3,0,0,0,1,0,0,0,0,0
OH14,4,4,3,3,3,2,3,2,3,3,3,4,4,2,3,4,3,4,2,2,1,4,4,4,4,3,4,4,1,0,0,0,0,0,0,0,0
OH33,4,4,3,3,1,3,2,3,1,1,1,4,4,3,1,4,2,5,3,3,1,5,4,4,3,3,4,4,0,1,0,0,0,0,0,0,0
OK53,4,4,3,4,2,3,3,1,4,1,2,2,3,3,3,4,1,4,3,3,1,4,4,5,5,2,4,4,0,0,0,1,0,0,0,0,0
OR29,4,4,3,2,5,4,2,2,2,5,2,3,3,3,3,3,3,3,2,3,1,2,3,3,3,3,3,4,1,0,0,0,0,0,0,0,0
PA119,4,4,3,4,1,4,4,1,4,1,1,4,4,4,3,4,3,4,2,3,4,4,3,3,3,3,3,3,0,0,0,0,0,0,0,1,0
PA123,4,4,3,4,1,3,3,1,5,1,1,4,4,4,3,4,3,4,2,3,4,4,4,4,3,3,3,3,0,0,0,1,0,0,0,0,0
TX110,4,4,3,3,3,3,3,3,1,3,4,2,3,4,3,3,2,2,1,2,1,3,4,4,4,3,3,3,0,1,0,0,0,0,0,0,0
TX114,4,4,3,4,1,4,4,1,1,1,1,4,4,4,3,4,4,3,2,2,1,4,4,3,4,3,3,3,0,1,0,0,0,0,0,0,0
TX166,4,4,3,4,2,3,2,4,1,3,3,2,3,3,3,3,2,4,3,2,1,4,3,3,3,3,3,3,0,0,0,0,1,0,0,0,0
TX60,4,4,3,3,1,3,3,3,1,4,2.3,4,3,3,3,3,4,3,2,1,1,3,3,3,3,3,3,2,0,1,0,0,0,0,0,0,0
VA11,4,4,3,4,1,4,2,1,1,2,1,3,4,3,3,3,4,5,3,3,1,4,4,4,3,3,3,4,0,1,0,0,0,0,0,0,0
VA14,4,4,3,4,5,3,3,2,4,4,1,2,3,4,3,4,3,4,3,3,4,5,5,5,5,3,4,4,0,0,0,0,0,0,0,1,0
VA54,4,4,3,4,2,3,3,3,3,1,1,2,4,3,4,4,3,4,3,2,1,3,4,4,4,3,3,3,0,1,0,0,0,0,0,0,0
WI86,4,4,3,4,3.6,3,2,1,2.6,3.5,3,4,4,2,3,3,3,4,2,3,1,4,2,3,3,4,4,4,1,0,0,0,0,0,0,0,0
WY67,4,4,3,3,4,3,3,1,3,1,1,3,4,4,3,4,1,5,4,4,4,4,4,4,4,3,3,3,0,0,0,0,0,0,0,1,0
PA78,5,4,3,2,5,4,1,3,2,4,1,1,2,3,3,1,1,1,1,3,1,2,5,4,4,3,1,3,0,1,0,0,0,0,0,0,0
TN39,5,4,3,2,4,5,3,1,1,4,2,5,4,3,2,4,1,5,3,3,1,4,4,3,3,3,4,4,1,0,0,0,0,0,0,0,0
KS45,3,3.5,3,2.8,3,3,3,3,3,3.1,1.5,3,3,3,3,3,3,3,2,2,1,3,3,3,3,3,3,3,1,0,0,0,0,0,0,0,0
MO39,3,3.3,3,2,4,3,3,4,1,3,2,4,3,3,2,3,3,3,2,3,1,3,4,4,3,3,3,3,0,1,0,0,0,0,0,0,0
KY7,1,3,3,2,4,4,2,5,5,4,3,5,2,4,3,2,5,4,1,2,1,2,3,3,3,2,1,2,0,1,0,0,0,0,0,0,0
AL45,2,3,3,3,2,3,3,1,1,1,1,2,2,2,3,3,1,4,1,1,1,2,2,3,3,3,2,2,0,1,0,0,0,0,0,0,0
AR64,2,3,3,3,3,3,3,4,2,1,2,4,3,4,3,3,4,5,1,2,1,2,3,3,3,3,3,3,0,1,0,0,0,0,0,0,0
MT16,2,3,3,4,3,3,2,1,3,1,1,1,2,2,3,2,1,2,4,2,4,2,1,3,2,4,1,2,0,0,0,0,0,0,0,1,0
TN34,2,3,3,3,1,3,3,1,1,1,1,4,3,3,1,4,4,3,2,1,1,5,4,4,3,3,4,4,0,1,0,0,0,0,0,0,0
AL15,3,3,3,3,1,3,3,3,1,1,1,3,4,4,3,3,3,4,2,2,1,4,4,4,4,3,3,3,1,0,0,0,0,0,0,0,0
AL16,3,3,3,3,1,3,3,3,3,1,1,3,3,3,3,3,4,3,1,1,1,3,3,3,3,3,2,2,0,1,0,0,0,0,0,0,0
AL18,3,3,3,4,2,2,2,3,2,2,2,4,3,3,3,4,3,2,3,3,1,3,3,3,3,3,3,3,0,1,0,0,0,0,0,0,0
AL2,3,3,3,3,1,3,3,3,3,1,1,3,3,3,1,4,3,3,1,2,1,3,3,3,3,3,3,3,0,1,0,0,0,0,0,0,0
AL21,3,3,3,3,2,3,3,3,1,1,1,3,3,3,3,3,3,4,2,2,1,3,3,3,3,3,3,3,0,1,0,0,0,0,0,0,0
AL22,3,3,3,3,4,3,3,4,1,4,3,3,3,3,3,3,4,3,3,2,1,3,3,4,4,3,3,3,0,1,0,0,0,0,0,0,0
AL23,3,3,3,3,2,3,3,4,2,2,2,4,3,3,4,3,4,3,3,2,1,4,3,3,2,3,3,3,0,1,0,0,0,0,0,0,0
AL27,3,3,3,3,2,4,3,4,2,3,4,3,3,3,3,4,3,3,4,3,1,3,3,2,2,3,3,3,0,1,0,0,0,0,0,0,0
AL29,3,3,3,2.5,1,3,3,2,2,2,2,3,3,3,4,3,4,3,2,3,1,3,4,3,3,3,3,3,0,1,0,0,0,0,0,0,0
AL3,3,3,3,3,2,2,3,3,1,1,1,2,3,3,3,3,2,4,2,3,1,3,3,3,3,3,3,3,0,1,0,0,0,0,0,0,0
AL32,3,3,3,3,3,3,3,1,3,3,3,4,4,2,3,3,4,4,3,3,1,4,3,4,3,3,3,4,0,1,0,0,0,0,0,0,0
AL35,3,3,3,3,2,3,3,1,1,1,1,3,3,4,3,3,3,4,3,3,1,3,4,3,3,3,3,3,0,1,0,0,0,0,0,0,0
AL4,3,3,3,3,1,2,3,1,1,1,1,3,3,3,3,3,3,4,3,2,1,3,3,3,3,3,3,3,0,1,0,0,0,0,0,0,0
AL46,3,3,3,3,2,3,3,1,1,1,1,3,3,3,3,3,4,3,3,3,1,3,3,4,4,3,3,3,0,1,0,0,0,0,0,0,0
AL6,3,3,3,3,4,4,3,3,1,3,2,2,3,3,3,3,1,3,1,2,1,3,4,3,3,3,3,4,0,1,0,0,0,0,0,0,0
AR12,3,3,3,3,4,3,3,3,1,4,2,3,3,3,4,3,3,3,3,3,1,3,3,3,3,3,2,2,0,1,0,0,0,0,0,0,0
AR13,3,3,3,2,3,3,3,2,3,1,1,3,3,3,3,2,3,5,3,2,1,3,3,3,3,3,3,3,1,0,0,0,0,0,0,0,0
AR16,3,3,3,3,1,3,2,3,1,1,1,4,3,3,2,3,1,5,2,2,1,3,3,4,4,4,4,4,1,0,0,0,0,0,0,0,0
AR28,3,3,3,3,4,3,3,2,1,1,1,3,3,3,3,4,3,4,2,2,1,3,3,3,3,2,4,3,0,1,0,0,0,0,0,0,0
AR29,3,3,3,3,3,3,3,2,1,3,1,4,3,3,3,3,4,4,2,2,1,3,3,3,3,3,3,3,0,1,0,0,0,0,0,0,0
AR31,3,3,3,4,1,3,3,3,1,1,1,3,3,3,3,3,3,3,2,1,1,3,3,3,3,3,3,3,0,0,0,0,0,1,0,0,0
AR38,3,3,3,3,1,3,3,3,1,1,1,4,4,3,3,3,3,4,2,2,1,4,3,3,3,3,3,3,1,0,0,0,0,0,0,0,0
AR4,3,3,3,3,1,3,3,3,1,1,1,3,3,3,3,4,2,4,1,2,1,3,4,3,3,3,4,4,0,1,0,0,0,0,0,0,0
AR40,3,3,3,3,1,3,3,3,1,1,1,2,2,3,3,3,1,5,3,2,2,3,3,3,3,3,3,3,0,1,0,0,0,0,0,0,0
AR43,3,3,3,3,3,3,3,2,1,3,2,3,3,3,3,3,3,3,2,2,1,3,3,3,3,3,3,3,0,1,0,0,0,0,0,0,0
AR45,3,3,3,3,1,3,3,2,1,3,2,3,3,3,3,3,1,5,2,2,1,3,3,3,3,3,3,3,1,0,0,0,0,0,0,0,0
AR47,3,3,3,2,1,3,3,2,1,1,1,3,3,2,4,3,2,4,2,2,1,2,2,3,3,3,2,2,0,1,0,0,0,0,0,0,0
AR48,3,3,3,3,1,3,3,3,1,1,1,3,3,3,3,3,1,5,1,2,1,2,4,4,4,3,3,3,1,0,0,0,0,0,0,0,0
AR49,3,3,3,3,1,3,3,3,1,1,2,3,3,4,3,3,3,4,2,2,1,3,4,4,4,1,3,3,0,1,0,0,0,0,0,0,0
AR5,3,3,3,3,1,3,3,3,3,2,2,3,3,2,3,3,4,3,2,2,1,4,2,3,3,3,3,3,0,1,0,0,0,0,0,0,0
AR51,3,3,3,3,2,3,3,2,4,2,1,2,2,2,2,2,2,5,3,2,1,2,2,2,2,2,2,2,0,1,0,0,0,0,0,0,0
AR55,3,3,3,3,1,3,3,3,1,1,1,4,3,3,3,3,3,4,2,3,2,3,3,3,3,3,3,3,1,0,0,0,0,0,0,0,0
AR56,3,3,3,3,1,2,3,2,1,1,1,3,3,3,3,3,3,3,2,2,1,3,3,3,3,3,3,3,1,0,0,0,0,0,0,0,0
AR57,3,3,3,3,2,3,3,3,1,1,2,3,3,4,3,3,1,4,2,3,1,3,3,3,3,3,3,3,0,1,0,0,0,0,0,0,0
AR6,3,3,3,3,2,3,3,3,2,1,1,3,3,4,3,3,3,3,2,2,1,3,4,4,4,3,3,3,0,1,0,0,0,0,0,0,0
AR61,3,3,3,3,1,3,3,3,1,1,1,4,3,3,3,3,2,4,2,2,1,4,4,3,3,3,3,3,0,1,0,0,0,0,0,0,0
AR62,3,3,3,3,2,2,2,1,3,2,3,4,3,4,5,3,2,5,4,4,1,3,4,4,4,3,2,2,0,1,0,0,0,0,0,0,0
AR65,3,3,3,3,1,3,3,3,1,2,1,3,3,2,3,3,2,3,2,1,1,3,2,2,2,3,3,3,0,1,0,0,0,0,0,0,0
AR68,3,3,3,3,1,3,3,3,1,1,2,3,3,4,2,4,5,5,3,3,1,3,4,4,4,1,3,4,0,1,0,0,0,0,0,0,0
AR71,3,3,3,3,2,3,3,3,3,1,1,3,3,3,3,3,3,4,2,1,1,3,3,3,3,3,3,3,0,0,0,0,1,0,0,0,0
AR72,3,3,3,3,1,3,3,4,1,1,3,3,3,3,3,4,3,2,2,2,1,3,3,3,3,2,3.1,3,1,0,0,0,0,0,0,0,0
AR74,3,3,3,3,1,3,3,3,3,1,4,4,3,3,4,3,5,4,3,3,1,3,3,3,3,3,2,2,0,1,0,0,0,0,0,0,0
AR77,3,3,3,3,1,3,3,3,1,1,1,3,3,3,3,3,3,5,2,2,1,3,3,3,3,3,3,3,1,0,0,0,0,0,0,0,0
AR80,3,3,3,3,2,3,3,3,3,1,1,3,3,3,3,3,2,4,2,3,1,3,4,4,3,2,2,2,1,0,0,0,0,0,0,0,0
AR83,3,3,3,3,3,3,3,3,3,3,3,3,3,3,3,3,1,1,2,2,1,4,2,3,3,3,3,3,0,0,0,0,0,0,1,0,0
AR84,3,3,3,3,3,3,3,4,2,3,1,3,3,4,3,3,2,4,2,2,1,3,3,3,3,4,3,3,0,1,0,0,0,0,0,0,0
AR86,3,3,3,3,2,3,3,4,3,1,3,4,3,4,3,3,4,5,1,3,1,3,4,4,4,3,3,3,0,1,0,0,0,0,0,0,0
AR89,3,3,3,3,2,3,3,1,1,1,1,3,3,3,3,3,1,5,2,2,1,3,4,3,3,3,3,3,1,0,0,0,0,0,0,0,0
AR9,3,3,3,3,3,3,4,4,4,3,2,4,3,4,2,4,4,3,2,3,1,4,4,3,3,3,3,3,0,1,0,0,0,0,0,0,0
AR91,3,3,3,3,1,3,3,3,1,1,1,3,3,4,3,3,3,4,2,3,2,3,4,4,4,3,3,3,0,1,0,0,0,0,0,0,0
CA100,3,3,3,3.6,3,3,3,1,2,1,1,3,2,3,2,2,2,3,3,4,1,4,3,3,3,3,3,3,0,1,0,0,0,0,0,0,0
CA217,3,3,3,4,2,3,3,1,1,1,1,3,4,3,3,3,3,3,3,2,1,3,3,3,3,3,3,3,1,0,0,0,0,0,0,0,0
CA218,3,3,3,3,1,2,2,3,1,1,2,3,2.2,3,4,3,1,4,4,2,1,3,3,3,3,3,3,3,0,0,0,0,0,0,0,1,0
CA226,3,3,3,3,2,3,3,3,1,1,1,3,3,2,3,3,3,3,4,2,1,3,3,3,3,3,3,3,1,0,0,0,0,0,0,0,0
CA248,3,3,3,3,3,2,3,1,1,3,1,5,2,3,4,2,4,4,3,2,1,2,3,3,3,3,3,2,0,1,0,0,0,0,0,0,0
CA25,3,3,3,3,1,3,3,1,3,2,1,3,2,3,3,3,1,3,3,3,4,3,3,3,2,3,1,1,0,0,0,0,0,0,0,1,0
CA272,3,3,3,3,4,2,2,1,1,3,2,1,1,3,3,2,1,5,3,2,1,3,3,3,3,3,3,3,0,1,0,0,0,0,0,0,0
CA52,3,3,3,3,4,3,2,2,3,4,1,3,3,4,3,3,1,4,4,4,4,3,4,4,3,3,1,2.1,0,0,0,0,0,0,0,1,0
CO117,3,3,3,3,2,3,2,1,5,1,1,3,3,3,4,4,1,5,4,4,4,3,3,3,2,4,2.2,2,0,0,0,0,0,0,0,1,0
CO26,3,3,3,3,5,4,3,1,4,1,1,4,4,3,2,5,1,5,4,4,4,4,3,3,3,3,1.7,2,0,0,0,0,0,0,0,1,0
CT31,3,3,3,3,1,4,3,1,4,1,1,4,3,3,3,4,4,5,3,2,1,4,4,3,3,3.2,3.3,3.6,0,1,0,0,0,0,0,0,0
FL157,3,3,3,3,1,2,3,3,1,1,1,3,3,3,3,3,1,5,2,2,1,3,3,3,3,3,3,3,0,0,0,0,0,1,0,0,0
FL158,3,3,3,3,1,3,3,1,2,1,1,2,4,3,2,3,3,3,3,3,1,3,3,3,3,3,3,3,0,0,0,0,0,1,0,0,0
FL160,3,3,3,3,1,2,3,3,2,1,1,5,4,3,3,3,1,4,2,1,1,4,2,2,2,3,3,2,0,1,0,0,0,0,0,0,0
GA15,3,3,3,3,3,3,3,3,4,3,3,4,4,3,3,4,4,3,3,3,1,4,4,4,4,3,3,3,0,1,0,0,0,0,0,0,0
GA16,3,3,3,3,3,3,3,4,3,3,3,4,3,4,3,3,4,2,4,4,1,4,4,4,4,3,3,3,0,1,0,0,0,0,0,0,0
GA27,3,3,3,3,3,3,3,3,3,3,3,3,3,3,3,3,3,3,3,3,1,3,3,3,3,3,3,3,0,1,0,0,0,0,0,0,0
GA51,3,3,3,3,3,3,3,1,3,1,1,3,3,3,3,3,1,1,4,1,1,4,3,3,3,3,3,3,0,1,0,0,0,0,0,0,0
GA54,3,3,3,3,3,3,3,1,3,1,1,2,3,3,3,3,1,3,1,4,4,3,3,3,3,3,3,3,0,0,0,1,0,0,0,0,0
GA81,3,3,3,3,3,3,3,3,3,3,3,3,3,3,3,3,2,5,3,3,1,4,4,4,4,3,4,4,0,1,0,0,0,0,0,0,0
GA90,3,3,3,3,3,3,3,3,3,3,3,3,3,3,3,3,1,3,3,3,1,3,3,3,3,3,3,3,0,1,0,0,0,0,0,0,0
IA16,3,3,3,3,2,4,4,1,1,4,1,2,2,3,3,3,3,1,2,1,1,1,3,3,3,3,2,3,0,0,0,0,0,1,0,0,0
IA19,3,3,3,3,3,3,3,3,1,1,1,2,2,3,3,2,1,2,3,3,1,2,3,3,3,3,3,3,0,0,0,0,1,0,0,0,0
IA21,3,3,3,3,4,2,3,2,1,3,3,2,2,3,3,2,1,2,4,3,1,3,3,3,3,3,3,3,0,0,0,0,1,0,0,0,0
IA29,3,3,3,3,3,3,3,1,1,1,1,1,1,3,2,2,1,2,3,2,1,3,3,3,3,3,3,3,1,0,0,0,0,0,0,0,0
IA38,3,3,3,3,5,4,3,3,1,4,1,2,3,3,3,3,1,3,3,4,1,3,3,3,3,3,3,3,0,0,0,0,1,0,0,0,0
IA41,3,3,3,3,4,3,3,1,1,4,3,3,3,3,3,3,3,3,3,2,1,4,3,3,3,3,3,3,0,0,0,0,1,0,0,0,0
IA51,3,3,3,3,4,3,3,4,3,4,2,3,4,3,4,4,3,3,3,3,1,4,2,3,3,3,3,2,0,0,0,0,0,0,1,0,0
IA52,3,3,3,3,2,3,3,2,2,2,1,4,3,4,3,4,1,1,1,2,1,3,4,4,4,3,3,3,0,0,0,0,0,1,0,0,0
ID3,3,3,3,3,3,3,3,1.4,4,3,1,3,3,3,2,3,1,3,4,3,4,3,3,3,3,3,1,3,0,0,0,0,0,0,0,1,0
ID77,3,3,3,3,2,3,3,2,3,3,2,3,3,3,3,3,3,3,2,2,2,3,2,3,2,4,4,4,0,0,0,0,0,0,0,1,0
ID83,3,3,3,3,3,3,3,1,4,2,2,3,3,3,3,3,1,3,4,3,4,3,3,3,3,3,2,3,0,0,0,0,0,0,0,1,0
IL43,3,3,3,3,3,3,3,1,1,1,2,3,3,3,3,3,2,3,2,2,1,3,3,3,3,3,3,3,0,0,0,0,1,0,0,0,0
IL50,3,3,3,3,3,3,3,1,1,2,3,3,3,3,3,3,2,3,2,2,1,3,3,3,3,3,3,3,0,0,0,0,1,0,0,0,0
IL6,3,3,3,3,2,3,2,3,1,2,2,5,3,3,3,3,1,3,2,1,1,3,2,4,3,3,3,3,0,0,0,0,0,1,0,0,0
IL84,3,3,3,3,2,3,3,2,1,2,2,3,3,4,3,4,2,3,2,2,1,4,4,3,3,3,4,3,0,1,0,0,0,0,0,0,0
IN27,3,3,3,3,1,3,3,1,1,2,1,3,4,4,2,4,2,4,4,3,1,4,5,4,4,3,3,3,0,0,0,0,0,1,0,0,0
IN40,3,3,3,3,3,3,3,1,1,5,1,3,3,3,3,3,3,3,3,3,1,3,3,3,3,3,3,3,1,0,0,0,0,0,0,0,0
IN47,3,3,3,3,3,3,3,2,3,3,3,3,3,3,3,3,3,2,2,3,1,3,3,3,3,3,3,3,1,0,0,0,0,0,0,0,0
IN5,3,3,3,3,1,4,3,4,3,1,3,3,3,3,3,3,2,3,2.1,2,1,3,3,3,3,3,3,3,1,0,0,0,0,0,0,0,0
IN50,3,3,3,3,4,4,3,3,2,4,2,5,3,2,3,3,3,4,3,2,1,3,2,3,3,3,2,3,0,0,0,0,0,1,0,0,0
IN54,3,3,3,3,4,3,3,1,2,2,2,3,3,3,3,2,3,3,4,3,1,3,3,3,3,3,3,3,1,0,0,0,0,0,0,0,0
IN7,3,3,3,3,1,3,3,1,3,1,3,3,3,4,3.4,3,2,3,2,1.8,1,3,4,3,4,3,3,3,1,0,0,0,0,0,0,0,0
KS13,3,3,3,3,3,3,3,3,1,1,1,5,4,4,5,5,3,5,2,2,2,5,5,3,4,3,3,3,0,0,0,0,1,0,0,0,0
KS26,3,3,3,2,1,2,2,2,1,1,1,2,3,5,3,3,1,3,4,3,1,5,5,5,4,3,3,3,0,0,0,0,1,0,0,0,0
KS36,3,3,3,3,2,4,3,1,1,1,2,3,3,3,3,3,2,4,2,2,1,3,3,3,3,3,3,3,0,0,0,0,1,0,0,0,0
KS37,3,3,3,3,5,3,3,3,3,5,3,3,3,3,3,3,3,3,2,2,3,3,3,3,3,3,3,3,0,0,0,0,1,0,0,0,0
KS4,3,3,3,3,1,3,3,1,2,2,1,4,4,3,3,4,5,3,4,3,1,5,3,3,3,3,4,3,1,0,0,0,0,0,0,0,0
KS5,3,3,3,3,2,3,3,3,1,1,1,3,3,4,3,4,4,4,2,2,1,3,4,3,3,3,3,3,0,1,0,0,0,0,0,0,0
KS63,3,3,3,3,2,4,3,1,1,1,1,1,3,3,3,3,1,5,1,3,1,4,4,3,3,3,4,4,0,1,0,0,0,0,0,0,0
KS70,3,3,3,3,3,3,3,3,2,3,1,2,3,3,3,3,4,3,1,1,1,3,3,3,3,3,3,3,0,1,0,0,0,0,0,0,0
KS71,3,3,3,3,4,3,3,3,1,1,1,3,3,3,3,3,1,5,3,3,1,4,4,4,3,3,4,3,1,0,0,0,0,0,0,0,0
KS73,3,3,3,3,1,3,3,3,3,1,1,4,3,3,3,3,1,3,1,2,4,3,3,2,2,3,3,2,0,0,0,0,1,0,0,0,0
KY10,3,3,3,4,3,3,3,5,1,1,1,4,3,3,2,4,4,4,2,1,1,4,4,3,3,3,4,2,0,1,0,0,0,0,0,0,0
KY12,3,3,3,3,2,3,3,2,2,2,2,2,3,3,3,3,2,4,3,3,1,3,4,3,3,3,3,3,0,1,0,0,0,0,0,0,0
KY15,3,3,3,3,3,3,3,4,1,3,1,3,3,3,4,3,3,3,1,2,1,4,3,3,3,3,3,3,1,0,0,0,0,0,0,0,0
KY16,3,3,3,3,3,3,3,2,2,3,3,3,3,3,3,3,2,3,3,3,1,3,3,3,3,3,3,3,0,0,0,0,1,0,0,0,0
KY17,3,3,3,3,4,3,3,3,2,4,3,3,3,3,3,3,2.6,3,2,3,1,3,3,3,3,3,3,3,0,0,0,0,1,0,0,0,0
KY23,3,3,3,3,4,3,3,3,3,4,3,3,3,3,3,3,3,3,2,3,1,3,3,3,3,3,3,3,0,0,0,0,1,0,0,0,0
KY25,3,3,3,3,3,3,3,4,2,2,3,3,3,3,3,3,3,3,1,2,4,3,3,3,3,3,3,3,0,0,1,0,0,0,0,0,0
KY26,3,3,3,3,3,3,3,3,3,3,3,2,2,3,3,3,2,4,1,2,4,2,3,3,3,3,3,3,0,0,1,0,0,0,0,0,0
KY27,3,3,3,4,3,3,3,3,3,3,3,3,3,3,3,4,2,4,2,3,4,3,3,3,3,3,3,3,0,0,0,1,0,0,0,0,0
KY29,3,3,3,3,3,3,3,4,3,2,2,2,2,2,3,2,3,3,2,2,1,2,2,3,3,3,3,3,0,0,0,0,1,0,0,0,0
KY30,3,3,3,3,2,3,3,3,2,1,1,2,2,2,3,2,2,3,2,2,1,2,3,3,2,3,3,3,0,0,0,0,1,0,0,0,0
KY35,3,3,3,3,1,3,3,4,4,1,1,3,3,3,3,3,3,2,1,2,1,3,3,3,3,3,3,3,0,1,0,0,0,0,0,0,0
KY39,3,3,3,3,2,3,3,1,3,2,2,3,3,3,3,3,3,3,2,2,1,3,3,4,3,3,3,3,0,0,0,0,1,0,0,0,0
KY40,3,3,3,3,1,3,3,3,2,2,2,4,3,4,3,3,4,3,3,3,1,4,4,3,3,3,3,3,0,1,0,0,0,0,0,0,0
KY41,3,3,3,3,4,3,3,2,3,2,2,3,3,4,3,3,4,3,2,3,1,4,3,4,3,3,3,3,0,0,0,0,1,0,0,0,0
KY42,3,3,3,3,1,3,3,2,3,1,2,3,3,3,3,3,3,3,3,3,1,3,3,3,3,3,3,3,0,1,0,0,0,0,0,0,0
KY43,3,3,3,3,4,3,3,3,1,4,2,2,2,3,3,2,2,4,3,3,2,4,4,4,4,3,3,3,0,0,0,0,1,0,0,0,0
KY44,3,3,3,3,4,3,3,3,1,4,2,2,2,3,3,2,2,4,3,3,2,4,4,4,4,3,3,3,0,0,0,0,1,0,0,0,0
KY47,3,3,3,3,2,3,3,3,3,2,3,3,3,3,3,3,3,3,3,3,1,3,3,3,3,3,3,3,0,1,0,0,0,0,0,0,0
KY50,3,3,3,3,1,3,3,1,4,1,4,3,3,4,3,3,3,2,1,3,4,3,3,2,3,3,3,3,0,0,0,0,0,0,1,0,0
KY51,3,3,3,3,1,3,3,3,3,3,1,3,3,3,3,3,3,4,1,3,1,3,4,3,3,3,3,3,0,1,0,0,0,0,0,0,0
KY6,3,3,3,3,4,3,3,3,3,4,3,3,3,3,3,3,4,3,2,3,1,3,3,3,3,3,2.9,3,0,0,0,0,1,0,0,0,0
KY77,3,3,3,3,1,3,3,1,2,1,1,5,4,4,3,4,2,5,2,4,1,4,5,3,3,2,3,4,0,1,0,0,0,0,0,0,0
KY8,3,3,3,3,3,3,3,3,2,3,3,3,3,3,3,3,3,3,2,3,1,3,3,3,3,3,3,3,0,1,0,0,0,0,0,0,0
LA13,3,3,3,3,1,3,3,2,4,2,4,3,3,3,3,3,4,4,2,1,1,3,4,3,3,3,3,3,0,1,0,0,0,0,0,0,0
LA17,3,3,3,3,2,3,3,3,3,3,2,3,3,3,3,4,3,3,2,2,2,3,3,3,3,3,3,3,1,0,0,0,0,0,0,0,0
LA18,3,3,3,3,2,3,2,4,4,1,2,4,3,4,3,2,4,4,2,3,3,4,4,3,4,3,3,4,0,1,0,0,0,0,0,0,0
LA2,3,3,3,3,4,3,3,1,1,3,3,3,3,3,3,3,1,3,2,3,1,3,3,3,3,3,3,3,0,1,0,0,0,0,0,0,0
LA24,3,3,3,3,1,3,3,1,1,1,1,3,3,3,1,3,2,3,3,2,2,4,3,3,3,3,3,3,0,1,0,0,0,0,0,0,0
LA25,3,3,3,3,1,3,3,3,3,1,2,3,2,3,3,3,4,2,1,1,1,3,3,3,3,3,3,3,0,1,0,0,0,0,0,0,0
LA26,3,3,3,3,1,3,3,2,2,1,2,3,3,3,3,3,4,2,2,1,1,3,3,3,3,3,3,3,0,1,0,0,0,0,0,0,0
LA29,3,3,3,3,1,3,3,3,3,1,3,3,4,4,3,4,3,3,2,2,1,4,4,4,4,3,3,3,0,1,0,0,0,0,0,0,0
LA32,3,3,3,3,1,2,3,1,1,1,1,4,3,3,3,3,3,2,3,2,2,3,3,3,2,3,3,3,0,1,0,0,0,0,0,0,0
LA36,3,3,3,3,1,3,3,1,1,1,4,3,3,3,3,3,1,2,3,3,3,3,3,3,3,3,3,3,0,0,0,0,1,0,0,0,0
LA37,3,3,3,3,3,3,3,1,1,3,3,2,3,3,3,3,1,4,2,2,2,4,4,3,3,3,3,3,0,0,0,0,1,0,0,0,0
LA4,3,3,3,3,3,3,3,1,3,4,1,4,3,3,3,4,3,4,2,3,2,3,3,3,3,3,3,3,0,1,0,0,0,0,0,0,0
LA40,3,3,3,3,1,3,3,2,2,2,3,3,3,3,4,3,3,3,2,1,1,3,3,3,3,3,3,3,0,1,0,0,0,0,0,0,0
LA41,3,3,3,3,1,3,3,3,2,2,2,2,3,3,3,3,3,2,1,1,1,3,3,3,3,3,3,3,0,1,0,0,0,0,0,0,0
LA42,3,3,3,3,2,3,3,3,2,2,3,3,3,2,3,3,2,3,2,3,1,3,3,3,3,2,3,3,1,0,0,0,0,0,0,0,0
LA45,3,3,3,3,1,3,3,1,1,1,3,3,3,3,4,3,1,4,2,3,2,3,3,3,3,3,3,3,1,0,0,0,0,0,0,0,0
LA48,3,3,3,3,2,3,3,2,2,2,3,4,4,3,3,3,3,3,2,2,1,3,3,3,3,3,3,3,0,1,0,0,0,0,0,0,0
LA49,3,3,3,3,1,3,3,2,1,1,1,3,3,3,3,3,2,4,3,2,1,3,3,3,3,3,3,3,0,1,0,0,0,0,0,0,0
LA5,3,3,3,3,3,3,3,3,1,3,2,2,3,3,3,3,1,3,2,2,2,3,3,3,3,3,3,3,0,1,0,0,0,0,0,0,0
LA53,3,3,3,3,1,3,3,2,1,1,2,3,3,3,3,3,3,3,3,2,2,3,3,3,3,3,3,3,0,1,0,0,0,0,0,0,0
LA57,3,3,3,3,2,3,3,3,3,3,3,4,3,3,3,3,3,3,3,2,2,3,3,3,3,3,3,3,0,1,0,0,0,0,0,0,0
LA60,3,3,3,3,1,1,3,5,1,1,1,3,3,4,4,3,2,5,3,3,1,3,4,2,3,3,3,3,0,1,0,0,0,0,0,0,0
MD13,3,3,3,3,1,3,3,1,1,1,2,2,3,4,3,4,2,3,3,4,1,2,5,3,3,3,3,3,0,1,0,0,0,0,0,0,0
MD15,3,3,3,3,1,3,3,1,3,1,1,2,3,3,3,3,2,2,2,2,2,3,3,3,3,3,3,3,0,1,0,0,0,0,0,0,0
MD5,3,3,3,3,1,3,3,3,3,1,1,2,2,3,3,3,2,2,2,2,1,2,3,3,3,3,3,3,0,1,0,0,0,0,0,0,0
MN102,3,3,3,3,1,2,2,3,1,1,4,1,3,4,2,3,1,3,2,3,1,3,4,3,3,3,3,3,0,0,0,0,0,1,0,0,0
MN11,3,3,3,3,1,3,3,1,1,1,1,4,3,3,4,4,1,3,2,3,1,3,3,3,4,3,4,4,0,0,0,1,0,0,0,0,0
MN114,3,3,3,3,3,4,4,1,1,1,3,4,3,4,3,3,3,3,2,4,1,4,4,4,4,3,3,3,0,1,0,0,0,0,0,0,0
MN149,3,3,3,3,1,3,3,1,1,4,4,3,3,4,3,3,1,4,2,3,1,3,4,3,4,3,3,3,0,0,0,1,0,0,0,0,0
MN36,3,3,3,3,1,3,3,1,1,1,4,5,4,3,3,2,4,2,2,3,1,3,3,3,2,2,2,2,0,0,0,1,0,0,0,0,0
MN57,3,3,3,3,3,4,3,4,1,3,1,3,3,3,3,2,1,3,2,2,1,2,3,3,3,3,3,3,0,0,0,1,0,0,0,0,0
MN9,3,3,3,3,1,3,3,3,3,1,1,3,3,3,3,3,1,3,1,2,3,3,3,3,3,3,3,3,0,0,0,1,0,0,0,0,0
MO14,3,3,3,3,4,3,3,3,1,1,2,3,3,3,3,3,1,4,2,1,1,4,2,2,2,3,3,3,1,0,0,0,0,0,0,0,0
MO15,3,3,3,3,2,3,3,1,3,3,1,2,2,3,3,2,1,5,2,3,1,3,3,3,3,3,3,3,1,0,0,0,0,0,0,0,0
MO16,3,3,3,3,3,3,4,3,2,1,1,4,3,3,3,4,4,3,3,2,1,4,3,3,2,1,4,4,0,1,0,0,0,0,0,0,0
MO2,3,3,3,3,3,3,3,3,3,3,3,3,3,3,3,3,3,3,3,3,3,3,3,3,3,3,3,3,0,0,0,0,0,1,0,0,0
MO20,3,3,3,3,2,3,3,2,3,1,1,2,3,4,3.2,3,2,4,2,2,2,3,4,3,3,3,2,3,0,1,0,0,0,0,0,0,0
MO21,3,3,3,3,4,3,3,3,1,2,2,3,3,2,3,2.3,1,1,3,1,1,4,2,2,2,3,4,4,1,0,0,0,0,0,0,0,0
MO22,3,3,3,3,3,3,3,3,3,2,1,2,4,3,1,3,1,4,3,2,2,4,3,3,3,2,3,3,0,1,0,0,0,0,0,0,0
MO27,3,3,3,3,3,3,3,4,1,3,2,3,3,3,2,4,4,4,3,3,1,3,4,4,3.8,3.1,3,3.1,0,1,0,0,0,0,0,0,0
MO30,3,3,3,4,4,3,3,3,1,3,2,2,4,4,3,4,2,2,3,3,1,4,4,3,3,3,3,3,0,1,0,0,0,0,0,0,0
MO35,3,3,3,3,5,4,4,3,1,5,2,3,3,3,3,3,3,4,1,2,1,3,3,3,3,3,3,3,0,0,0,0,1,0,0,0,0
MO36,3,3,3,3,5,4,4,2,1,5,2,3,3,3,3,3,3,3,1,2,1,3,3,3,3,3,3,3,0,0,0,0,1,0,0,0,0
MO37,3,3,3,3,5,3,3,1,1,5,3,3,3,3,3,3,2,2,2,2,1,3,3,3,3,3,3,3,0,0,0,0,1,0,0,0,0
MO41,3,3,3,3,5,4,4,3,1,5,2,3,3,3,3,3,2,4,1,2,1,3,3,3,3,3,3,3,0,0,0,0,1,0,0,0,0
MO42,3,3,3,3,5,4,4,3,1,5,2,3,3,3,3,3,2,4,1,2,1,3,3,3,3,3,3,3,0,0,0,0,1,0,0,0,0
MO43,3,3,3,3,5,4,4,3,1,5,2,3,3,3,3,3,2,4,1,2,1,3,3,3,3,3,3,3,0,0,0,0,1,0,0,0,0
MO46,3,3,3,3,4,3,3,3,4,4,1,3,3,2,3,2,1,2,3,2,1,2,2,2,2,3,3,3,0,1,0,0,0,0,0,0,0
MO48,3,3,3,3,3,4,2,4,1,3,4,3,4,2,3,4,3,4,3,3,1,4,3,3,2,3,3,3,0,1,0,0,0,0,0,0,0
MO65,3,3,3,3,1,3,3,3,1,1,1,4,4,3,3,3,3,5,2,2,2,3,4,3,3,3,4,3,0,1,0,0,0,0,0,0,0
MO8,3,3,3,3,5,3,3,1,1,3,5,3,3,3,3,3,1,5,3,1,1,4,2,2,2,4,4,4,1,0,0,0,0,0,0,0,0
MO9,3,3,3,3,2,3,3,1,1,1,1,4,4,4,3,4,4,3,2,2,1,3,4,3,1,4,2,2.1,1,0,0,0,0,0,0,0,0
MS10,3,3,3,3,1,1,1,1,1,1,1,4,3,3,3,3,1,3,2,3,1,3,3,3,3,3,3,3,0,0,0,0,0,1,0,0,0
MS18,3,3,3,3,1,2,2,1,1,1,1,3,3,3,3,3,3,4,3,3,1,3,4,4,4,3,3,3,0,1,0,0,0,0,0,0,0
MS20,3,3,3,3,1,2,2,1,1,1,1,4,3,3,3,4,1,4,4,4,1,3,5,5,4,3,3,3,0,1,0,0,0,0,0,0,0
MS21,3,3,3,3,1,2,2,1,1,1,1,4,3,3,3,3,3,3,3,3,1,3,3,3,3,3,4,4,1,0,0,0,0,0,0,0,0
MS22,3,3,3,4,2,2,3,2,1,3,2,3,3,4,3,4,4,4,4,4,1,3,5,4,5,2,1,3,1,0,0,0,0,0,0,0,0
MS28,3,3,3,3,2,3,3,3,1,2,1,5,4,3,3,5,3,3,2,2,2,3,3,4,4,3,3,4,0,1,0,0,0,0,0,0,0
MS3,3,3,3,3,1,2,2,1,1,1,1,2,3,3,3,3,1,4,2,3,1,3,3,3,3,3,4,4,1,0,0,0,0,0,0,0,0
MS33,3,3,3,3,1,1,1,1,1,1,1,5,3,3,4,3,3,4,3,4,1,3,4,3,4,3,3,3,0,0,0,0,0,1,0,0,0
MS38,3,3,3,3,1,1,1,2,1,1,1,2,3,3,3,3,1,3,2,2,2,3,3,3,3,3,3,3,0,1,0,0,0,0,0,0,0
MS48,3,3,3,3,1,3,3,3,3,1,1,4,4,4,3,4,5,3,3,4,1,3,4,4,4,3,3,3,1,0,0,0,0,0,0,0,0
MS49,3,3,3,3,1,3,3,1,1,3,3,4,4,4,3,4,4,4,4,4,1,4,4,4,5,2,1,3,1,0,0,0,0,0,0,0,0
MS53,3,3,3,3,1,1,1,1,1,1,1,4,3,2,3,3,2,2,2,2,1,3,4,3,3,3,3,3,0,0,0,0,0,1,0,0,0
MT64,3,3,3,3,1,2,2,1,3,1,1,3,3,4,4,3,2,4,4,3,4,3,4,4,4,3,2,3,0,0,0,0,0,0,0,1,0
MT85,3,3,3,3,3,3,2,1,3,3,2,4,4,3,3,3,3,3,3,3,1,4,3,3,2,3,3,3,1,0,0,0,0,0,0,0,0
NC100,3,3,3,3,2,3,3,1,1,2,2,3,3,3,3,3,1,4,2,2,1,3,3,3,3,3,3,3,0,1,0,0,0,0,0,0,0
NC101,3,3,3,3,2,3,3,1,1,3,2,3,3,3,3,3,3,3,2,2,1,3,3,4,3,3,3,3,0,1,0,0,0,0,0,0,0
NC102,3,3,3,3,3,3,3,3,3,2,2,3,3,3,3,3,3,3,3,2,2,3,3,3,3,3,3,3,0,1,0,0,0,0,0,0,0
NC103,3,3,3,3,2,3,3,3,3,2,2,3,3,3,3,3,3,2.4,3,2,3,3,3,3,2,3,3,3,0,1,0,0,0,0,0,0,0
NC14,3,3,3,3,3,3,3,1,1,1,1,2,3,3,3,3,2,4,2,2,2,3,3,3,3,3,3,3,0,1,0,0,0,0,0,0,0
NC17,3,3,3,3,2,3,3,1,1,2,3,4,3,3,3,2,5,3,2,2,1,3,3,4,3,3,3,3,0,1,0,0,0,0,0,0,0
NC19,3,3,3,3,4,3,3,3,1,3,2,4,3,3,3,2,3,2,3,2,1,3,3,4,3,3,3,3,0,1,0,0,0,0,0,0,0
NC31,3,3,3,3,2,3,3,1,1,3,2,3,3,3,3,3,1,3,2,2,1,3,3,3,3,3,3,3,0,1,0,0,0,0,0,0,0
NC32,3,3,3,3,2,3,3,1,1,3,1,5,3,4,3,3,4,5,3,3,2,3,4,4,4,3,3,3,0,1,0,0,0,0,0,0,0
NC35,3,3,3,3,2,3,3,1,1,2,2,2,3,3,3,2,1,3,2,2,1,3,3,3,3,3,3,3,0,1,0,0,0,0,0,0,0
NC4,3,3,3,2,2,3,3,1,1,2,1,4,3,3,3,3,3,3,3,2,3,3,3,3,3,3,3,3,0,1,0,0,0,0,0,0,0
NC41,3,3,3,3,1,3,3,1,1,1,1,4,3,4,3,3,3,3,3,3,2,3,4,4,4,3,3,3,0,1,0,0,0,0,0,0,0
NC42,3,3,3,3,1,5,3,1,1,1,1,1,3,3,3,3,1,5,3,2,2,3,3,3,3,3,3,3,0,1,0,0,0,0,0,0,0
NC44,3,3,3,3,3,3,3,3,3,3,3,2,3,3,3,3,1,5,2,3,1,4,4,4,4,3,3,3,0,1,0,0,0,0,0,0,0
NC46,3,3,3,3,2,3,3,1,2,1,1,4,3,3,3,3,1,3,3,2,1,3,3,4,4,3,3,3,0,1,0,0,0,0,0,0,0
NC52,3,3,3,3,1,3,3,1,3,3,1,3,3,3,3,3,2,3,2,2,1,3,3,3,3,3,3,3,0,1,0,0,0,0,0,0,0
NC54,3,3,3,3,4,3,3,2,3,4,2,3,3,3,2,3,3,4,2,2,2,2,2,2,3,3,3,3,0,1,0,0,0,0,0,0,0
NC59,3,3,3,3,3,3,3,1,4,3,1,3,3,3,3,3,2,2,3,2,3,3,3,3,3,3,3,3,0,1,0,0,0,0,0,0,0
NC7,3,3,3,4,4,3,3,3,3,3,3,2,3,3,3,3,2,4,2,2,1,2,4,3,3,3,3,3,1,0,0,0,0,0,0,0,0
NC70,3,3,3,3,4,3,3,3,1,4,3,3,3,3,3,3,3,4,3,2,1,3,3,4,3,3,3,3,0,1,0,0,0,0,0,0,0
NC71,3,3,3,3,2,3,3,2,3,3,1,2,3,3,3,3,2,3,3,3,2,3,3,3,3,3,3,3,0,1,0,0,0,0,0,0,0
NC78,3,3,3,3,3,3,3,1,1,3,2,4,3,3,4,3,4,3,2,2,1,3,3,4,3,3,3,3,0,1,0,0,0,0,0,0,0
NC82,3,3,3,3,3,3,3,3,3,3,3,3,3,3,3,3,4,3,2,3,1,4,3,3,3,3,3,3,0,1,0,0,0,0,0,0,0
NC87,3,3,3,3,3,3,3,3,3,3,3,3,2,4,3,3,3,3,2,2,1,2,4,3,3,3,3,3,0,1,0,0,0,0,0,0,0
NC95,3,3,3,3,2,3,3,3,3,3,4,4,3,3,3,3,4,3,1,3,1,4,4,4,4,2,3,3,0,1,0,0,0,0,0,0,0
NC97,3,3,3,3,3,3,3,1,1,3,3,1,3,4,3,4,2,4,4,4,1,4,4,4,3,3,3,3,0,1,0,0,0,0,0,0,0
ND19,3,3,3,3,3,4,2,4,4,3,1,3,4,4,5,4,4,5,4,4,2,3,4,4,3,2,2,2,0,0,0,1,0,0,0,0,0
ND24,3,3,3,3,1,3,3,5,3,2,4,4,3,3,4,3,1,3,3,1,1,2,3,3,3,3,3,3,0,0,0,1,0,0,0,0,0
ND45,3,3,3,3,1,2,3,3,1,1,2,4,3,3,2,4,1,3,2,3,4,4,4,3,3,3,3,4,0,0,1,0,0,0,0,0,0
ND58,3,3,3,3,4,5,3,1,5,5,3,5,4,3,4,3,1,5,2,1,1,3,3,4,4,2,3,3,0,0,0,1,0,0,0,0,0
ND61,3,3,3,3,3,4,3,5,2,2,2,4,3,2,3,4,2,3,3,2,3,3,2,3,3,3,3,3,0,0,0,1,0,0,0,0,0
ND63,3,3,3,3,2,3,3,3,2,2,2,3,3,3,3,3,3,3,3,2,3,3,2,3,3,3,2,2,0,0,0,1,0,0,0,0,0
NE12,3,3,3,3,3,3,3,3,3,3,3,3,3,3,3,3,2,3,2,2,1,3,3,3,3,3,3,3,0,0,0,0,0,0,1,0,0
NE14,3,3,3,3,3,3,3,3,3,3,3,2,3,3,3,3,2,2,2,2,1,3,3,3,3,3,3,3,1,0,0,0,0,0,0,0,0
NE26,3,3,3,3,4,4,2,4,3,3,1,3,3,3,3,3,2,3,2,3,4,3,3,3,3,3,3,3,0,0,0,1,0,0,0,0,0
NE28,3,3,3,3,2,3,2,2,1,3,3,5,3,2,4,3,2,4,2,3,1,3,4,3,3,3,3,3,0,1,0,0,0,0,0,0,0
NE37,3,3,3,3,3,3,3,3,3,3,1,3,3,3,3,3,1,4,1,3,4,3,3,3,3,3,3,3,0,0,0,1,0,0,0,0,0
NE38,3,3,3,3,3,3,3,3,3,3,1,4,3,3,3,3,3,2,3,2,1,4,2,3,3,3,3,3,1,0,0,0,0,0,0,0,0
NE40,3,3,3,3,3,3,3,3,3,3,4,3,3,3,3,3,3,3,2,2,1,3,3,3,3,3,3,3,0,0,0,0,0,0,1,0,0
NE41,3,3,3,3,3,3,3,3,3,3,3,3,3,3,3,3,3,3,2,2,1,3,3,3,3,3,3,3,0,0,0,0,0,0,1,0,0
NE42,3,3,3,3,3,3,3,3,3,3,2,3,3,3,3,3,3,3,2,3,4,3,4,3,3,3,3,3,0,0,0,0,0,0,1,0,0
NE43,3,3,3,3,5,4,2,3,3,3,3,3,3,3,3,3,3,3,3,2,1,3,3,3,3,3,3,3,0,0,0,0,0,0,1,0,0
NE44,3,3,3,3,3,4,3,1,1,3,1,2,3,3,3,3,3,3,2,3,1,3,3,3,3,3,3,3,0,0,0,1,0,0,0,0,0
NE47,3,3,3,3,3,3,3,3,3,3,1,3,3,3,3,3,3,3,3,2,4,3,3,3,3,3,3,3,0,0,0,1,0,0,0,0,0
NE50,3,3,3,3,2,4,3,3,4,2,3,5,3,3,4,3,4,3,2,2,3,4,2,3,3,3,4,3,0,0,0,1,0,0,0,0,0
NH14,3,3,3,3,1,3,3,1,1,1,1,3,3,3,3,3,1,3,4,3,1,2,3,3,3,3,3,3,0,1,0,0,0,0,0,0,0
NM43,3,3,3,3,4,3,3,1,3,4,1,2,2,4,3,3,1,1,2,3,1,4,3,3,4,2,3,4,0,0,1,0,0,0,0,0,0
NV14,3,3,3,3,2,2,2,1,1,3,2,3,3,3,3,3,1,4,2,3,1,3,3,3,3,2,3,3,0,1,0,0,0,0,0,0,0
NV28,3,3,3,3,3,3,3,1,3,3,3,2,2,3,3,3,1,3,2,2,4,3,3,3,3,3,3,3,0,0,0,1,0,0,0,0,0
OH2,3,3,3,3,3,4,3,1,4,3,1,4,3,4,3,3,4,2,1,2,1,2,3,3,3,3,3,3,0,1,0,0,0,0,0,0,0
OH30,3,3,3,3,4,2,2,1,5,1,3,4,4,3,4,4,4,4,1,4,1,4,4,4,3,3,3,3,0,0,0,0,1,0,0,0,0
OH32,3,3,3,3,1,3,3,3,1,1,1,3,3,3,3,3,1,4,2,1.5,1,4,4,4,3,3,3,4,0,1,0,0,0,0,0,0,0
OH35,3,3,3,3,3,3,3,3,3,2,3,4,3,3,3,4,1,4,2,2,1,3,4,3,3,3,3,3,0,0,0,0,0,1,0,0,0
OH39,3,3,3,3,2,4,3,1,3,4,1,3,3,3,3,3,1,2,1,3,4,4,3,3,3,3,3,3,0,0,0,1,0,0,0,0,0
OH48,3,3,3,3,3,3,3,1,3,4,3,2,3,4,3,4,4,4,1,3,1,3,3,3,3,3,3,3,0,1,0,0,0,0,0,0,0
OH50,3,3,3,3,2,3,3,4,3,2,2,3,2,2,3,3,3,4,2,1,1,4,2,2,2,3,4,4,0,1,0,0,0,0,0,0,0
OH52,3,3,3,3,1,3,3,4,4,3,1,3,3,3,3,3,4,3,2,2,1,4,4,3,3,3,4,4,0,1,0,0,0,0,0,0,0
OH9,3,3,3,3,3,3,3,1,5,2,2,3,3,3,3,4,3,2,1,3,1,3,3,3,3,3,3,3,0,0,0,0,1,0,0,0,0
OK101,3,3,3,3,1,3,3,1,3,1,1,4,4,4,3,3,4,4,2,3,1,4,4,3,3,3,3,3,0,1,0,0,0,0,0,0,0
OK103,3,3,3,3,2,3,3,3,1,1,2,3,3,3,3,3,1,3,2,2,1,3,3,3,3,3,3,3,0,1,0,0,0,0,0,0,0
OK106,3,3,3,3,1,2,3,3,1,1,1,3,3,3,3,3,1,5,2,2,4,3,3,3,3,3,1,1,0,0,0,0,1,0,0,0,0
OK107,3,3,3,3,3,3,3,1,1,1,1,3,3,3,3,3,3,3,2,3,1,3,3,3,3,3,3,3,0,1,0,0,0,0,0,0,0
OK108,3,3,3,3,3,3,3,3,4,3,4,2,3,3,3,3,2,3,2,2,1,3,3,3,3,3,3,3,0,1,0,0,0,0,0,0,0
OK122,3,3,3,3,1,3,3,2,1,1,1,3,3,4,2,4,1,4,3,2,1,4,4,3,3,3,4,3,0,1,0,0,0,0,0,0,0
OK13,3,3,3,3,4,3,3,4,4,4,2,4,4,5,1,4,4,3,3,3,1,4,5,4,4,3,3,3,0,1,0,0,0,0,0,0,0
OK147,3,3,3,3,1,3,3,1,1,1,1,3,3,3,2,5,2,3,1,3,1,3,3,3,3,3,3,3,0,1,0,0,0,0,0,0,0
OK148,3,3,3,3,4,2,3,2,3,3,4,3,4,4,3,3,2,4,1,2,1,2,4,3,3,3,2,3,0,0,0,1,0,0,0,0,0
OK149,3,3,3,3,3,3,3,3,3,3,3,4,3,3,3,3,4,3,3,2,1,3,3,3,3,3,3,3,0,1,0,0,0,0,0,0,0
OK155,3,3,3,3,3,3,3,3,2,3,2,3,4,3,3,3,4,3,2,2,1,3,3,3,3,3,3,3,0,1,0,0,0,0,0,0,0
OK158,3,3,3,3,1,2,2,1,1,1,1,3,2,4,3,3,1,5,3,2,1,5,5,4,4,3,3,3,0,0,0,1,0,0,0,0,0
OK161,3,3,3,3,1,3,3,1,3,1,1,3,3,3,3,3,1,4,3,2,2,4,4,4,4,3,3,3,0,1,0,0,0,0,0,0,0
OK163,3,3,3,3,1,3,3,1,2,3,1,2,3,3,3,2,1,5,1,2,1,2,3,4,3,3,3,3,0,1,0,0,0,0,0,0,0
OK165,3,3,3,3,1,3,3,2,1,1,1,2,3,3,3,3,1,5,3,2,1,3,4,3,3,3,3,3,0,1,0,0,0,0,0,0,0
OK19,3,3,3,3,1,3,3,1,3,1,1,2,3,3,2,3,2,3,1,1,1,2,3,3,3,3,3,3,0,1,0,0,0,0,0,0,0
OK21,3,3,3,3,1,2,2,1,1,1,1,4,3,3,3,3,4,3,2,2,1,2,2,3,3,3,3,2,0,1,0,0,0,0,0,0,0
OK24,3,3,3,3,3,3,3,3,4,3,3,2,3,3,3,3,2,4,3,2,1,3,3,3,3,3,3,3,0,1,0,0,0,0,0,0,0
OK26,3,3,3,3,1,3,2,4,1,1,1,3,3,3,4,3,1,3,1,2,1,2,3,3,2,3,3,3,0,1,0,0,0,0,0,0,0
OK27,3,3,3,2,4,2,3,1,1,3,2,2,2,3,3,3,2,3,1,2,1,2,2,2,2,4,2,2,0,0,0,1,0,0,0,0,0
OK35,3,3,3,3,1,2,3,1,1,1,1,3,2,3,3,3,1,3,2,2,1,2,3,3,3,3,3,3,0,1,0,0,0,0,0,0,0
OK42,3,3,3,3,1,3,3,1,1,1,3,3,3,3,3,3,3,4,2,3,1,3,3,3,3,3,3,3,0,0,0,1,0,0,0,0,0
OK43,3,3,3,3,3,3,3,1,1,1,1,3,3,3,3,3,4,4,2,4,1,5,4,3,4,3,3,3,0,0,0,1,0,0,0,0,0
OK45,3,3,3,3,3,3,3,1,1,1,2,3,3,3,3,3,4,3,2,2,1,3,3,3,3,3,3,3,0,1,0,0,0,0,0,0,0
OK61,3,3,3,3,1,3,3,1,2,1,1,3,3,3,3,3,1,4,2,2,1,3,3,3,3,3,4,3,0,1,0,0,0,0,0,0,0
OK63,3,3,3,3,1,4,3,1,4,2,1,3,3,3,3,3,3,4,3,2,1,3,4,4,4,3,3,3,0,0,0,1,0,0,0,0,0
OK76,3,3,3,3,1,4,3,4,1,1,2,4,4,4,3,4,4,4,2,2,1,4,4,4,4,2,3,3,0,1,0,0,0,0,0,0,0
OK86,3,3,3,3,1,3,3,1,1,1,1,3,3,3,3,3,1,4,2,1,1,3,2,3,3,3,2,2,0,1,0,0,0,0,0,0,0
OK88,3,3,3,3,1,3,3,3,1,1,1,4,4,4,3,4,4,4,3,2,1,3,3,3,3,3,3,3,0,1,0,0,0,0,0,0,0
OK89,3,3,3,3,1,3,3,3,1,1,1,3,3,3,3,3,1,3,2,2,1,3,3,3,3,3,3,3,0,1,0,0,0,0,0,0,0
OK90,3,3,3,3,2,3,3,1,3,3,2,3,3,3,3,3,2,3,1,2,1,3,3,3,3,3,3,3,0,1,0,0,0,0,0,0,0
OK97,3,3,3,3,2,3,3,1,2,2,3,4,3,3,3,3,4,3,1,2,1,3,3,3,3,3,3,3,0,1,0,0,0,0,0,0,0
PA118,3,3,3,3,1,2,3,4,1,1,1,4,3,3,3,3,4,4,2,2,1,3,4,3,3,3,3,3,0,1,0,0,0,0,0,0,0
PA25,3,3,3,3,3,2,2,1,3,3,3,3,3,3,3,3,4,4,2,2,1,3,3,3,3,3,3,3,0,1,0,0,0,0,0,0,0
PA51,3,3,3,3,1,2,3,1,3,1,1,3,3,3,3,3,2,2,2,3,1,3,4,3,3,3,3,3,0,0,0,1,0,0,0,0,0
PA58,3,3,3,3,4,3,3,3,3,1,1,3,3,3,3,3,1,4,1,2,1,3,4,4,4,3,3,3,0,1,0,0,0,0,0,0,0
SD22,3,3,3,3,3,3,3,5,1,2,3,4,4,3,4,3,3,4,2,2,4,3,2,3,2,3,3,3,0,0,0,1,0,0,0,0,0
SD7,3,3,3,3,1,3,3,4,1,1,1,3,3,3,3,3,2,5,3,3,4,2,4,3,4,3,2,2,0,0,0,1,0,0,0,0,0
SD8,3,3,3,3,1,4,4,1,1,1,1,4,4,3,3,4,5,5,4,3,1,3,3,3,3,3,3,3,0,0,0,1,0,0,0,0,0
SD9,3,3,3,3,3,5,3,1,1,4,1,2,2,3,4,3,2,2,2,2,1,2,3,3,4,3,2,2,0,0,0,1,0,0,0,0,0
TN17,3,3,3,3,3,2,3,1,1,2,2,2,3,3,3,3,1,3,2,3,1,3,3,3,3,3,3,3,0,1,0,0,0,0,0,0,0
TN20,3,3,3,3,1,3,3,1,1,1,1,2,2,2,3,2,1,3,2,1,1,2,3,3,3,3,4,3,0,1,0,0,0,0,0,0,0
TN29,3,3,3,3,2,3,3,1,3,2,1,3,3,3,3,3,3,4,2,3,1,3,4,4,3,3,3,3,0,1,0,0,0,0,0,0,0
TX128,3,3,3,3,1,3,3,1,3,1,1,3,3,3,2,3,3,4,2,3,1.1,3,4,4,3,3,3,3,0,1,0,0,0,0,0,0,0
TX13,3,3,3,3,3,3,3,1,3,1,1,2,3,3,3,3,1,5,3,3,2,3,3,3,3,3,3,3,0,1,0,0,0,0,0,0,0
TX132,3,3,3,3,1,2,3,3,1,1,1,2,3,3,2,4,3,3,3,3,3,3,3,3,3,3,4,4,0,1,0,0,0,0,0,0,0
TX134,3,3,3,3,1,3,3,1,1,1,1,1,2,3,3,3,1,5,2,3,1,3,3,3,2,3,3,3,0,0,0,0,1,0,0,0,0
TX139,3,3,3,3,1,3,3,3,1,1,3,4,3,3,3,3,3,3,2,2,1,3,3,3,3,3,3,3,0,1,0,0,0,0,0,0,0
TX145,3,3,3,3,1,3,3,1,1,1,3,1,4,4,3,4,1,5,3,2,1,4,4,3,3,3,3,3,1,0,0,0,0,0,0,0,0
TX152,3,3,3,3,1,3,3,1,1,1,2,1,3,3,3,3,1,4,2,1,1,3,3,3,3,3,3,3,0,1,0,0,0,0,0,0,0
TX158,3,3,3,3,2,4,4,2,1,2,2,2,3,3,3,3,1,4,2,2.7,1.9,4,4,4,4,2,4,4,0,0,0,0,1,0,0,0,0
TX161,3,3,3,3,2,3,3,3,1,1,2,3,3,4,3,3,2,3,1,2,1,4,4,3,3,3,2,3,0,1,0,0,0,0,0,0,0
TX170,3,3,3,3,2,3,3,1,3,1,1,2,3,3,3,3,2,3,2,1,1,3,3,3,3,3,3,3,0,1,0,0,0,0,0,0,0
TX182,3,3,3,3,3,3,2,4,1,2,1,3,2,3,3,3,3,4,3,3,2,2,4,4,3,3,2,3,0,1,0,0,0,0,0,0,0
TX188,3,3,3,3,3,2,3,1,1,2,2,1,2,2,2,2,1,4,4,2,1.6,3,3,3,3,3,3,3,0,0,0,0,1,0,0,0,0
TX200,3,3,3,3,3,3,3,1,2,1,3,2,3,3,3,3,1,4,2,2,1,2,3,4,3,3,3,3,0,1,0,0,0,0,0,0,0
TX201,3,3,3,3,3,3,3,1,2,1,1,3,3,3,3,3,2,3,3,3,2,3,3,3,3,3,3,3,0,1,0,0,0,0,0,0,0
TX226,3,3,3,3,3,3,3,3,4,3,3,3,3,3,3,3,3,3,2,2,1,3,3,3,3,3,3,3,0,1,0,0,0,0,0,0,0
TX23,3,3,3,4,2,3,3,2,3,2,3,3,4,3,3,4,3,3,2,1,1,5,1,2,1,4,4,3,0,0,0,0,1,0,0,0,0
TX24,3,3,3,3,1,3,2,2,1,1,2,2,2,2,3,2,2,4,3,1,1,2,2,3,3,4,2,2,0,1,0,0,0,0,0,0,0
TX247,3,3,3,3,2,2,3,2,4,1,4,2,3,3,3,2,1,4,2,2,1,3,3,3,3,3,3,3,0,1,0,0,0,0,0,0,0
TX268,3,3,3,3,1,3,3,1,2,1,1,1,4,3,3,3,1,4,2,1,1,3,4,3,3,3,3,3,0,1,0,0,0,0,0,0,0
TX28,3,3,3,3,1,3,3,3,4,1,1,2,3,3,3,4,4,3,1,2,1,3,3,3,3,3,3,2,0,1,0,0,0,0,0,0,0
TX280,3,3,3,3,1,5,3,1,3,1,3,3,3,4,3,3,3,4,2,2,1.7,3,4,3,3,3,3,3,0,1,0,0,0,0,0,0,0
TX286,3,3,3,3,1,2,3,4,1,1,4,2,2,3,4,3,1,5,3,3,1,3,4,4,4,2,4,4,1,0,0,0,0,0,0,0,0
TX287,3,3,3,3,1,2,3,1,1,1,1,2,3,3,4,3,1,4,3,2,1,3,4,4,3,3,3,3,1,0,0,0,0,0,0,0,0
TX290,3,3,3,3,2,3,3,1,1,1,1,4,4,3,1,4,4,4,3,3,1,4,3,3,3,3,3,3,0,1,0,0,0,0,0,0,0
TX292,3,3,3,3,2,2,3,1,1,1,1,4,3,3,3,3,1,2,4,3,1,4,4,3,3,3,3,3,0,1,0,0,0,0,0,0,0
TX293,3,3,3,3,2,2,3,1,4,2,1,3,2,4,1,3,2,2,4,3,3,3,4,4,4,3,3,3,0,1,0,0,0,0,0,0,0
TX294,3,3,3,3,1,3,3,1,2,1,1,3,3,3,3,3,3,2,3,2,1,3,3,3,3,3,3,3,0,1,0,0,0,0,0,0,0
TX295,3,3,3,3,2,4,4,1,2,1,1,5,3,4,3,4,5,5,4,4,1,3,4,3,3,3,3,3,0,1,0,0,0,0,0,0,0
TX296,3,3,3,3,3,3,3,1,1,1,2,4,3,4,3,4,4,5,3,3,1,3,4,3,3,3,3,3,0,1,0,0,0,0,0,0,0
TX298,3,3,3,3,1,3,3,1,1,1,1,3,3,3,3,3,3,3,1,2,1,4,3,3,3,3,3,3,0,0,0,1,0,0,0,0,0
TX49,3,3,3,3,2,3,3,1,3,1,1,2,3,3,3,3,1,5,3,3,2,3,3,3,3,3,3,3,0,1,0,0,0,0,0,0,0
TX63,3,3,3,3,1,3,3,2,3,1,1,1,3,3,3,4,2,3,3,3,1.1,4,3,3,3,3,3,3,0,1,0,0,0,0,0,0,0
TX64,3,3,3,3,2,3,3,1,2,1,1,2,3,3,3,3,1,4,3,3,1,3,3,3,3,3,3,3,0,1,0,0,0,0,0,0,0
TX7,3,3,3,3,1,3,3,1,1,1,1,5,5,3,3,4,4,3,1,1,1,3,3,3,3,3,4,2,0,1,0,0,0,0,0,0,0
TX70,3,3,3,3,1,4,4,1,1,1,1,4,4,3,3,4,4,3,2,2,1,3,3,3,3,3,2,4,0,1,0,0,0,0,0,0,0
TX74,3,3,3,3,1,2,2,1,1,1,1,2,2,2,3,3,2,3,1,1,1,3,2,3,3,2.4,2,3,0,1,0,0,0,0,0,0,0
TX80,3,3,3,3,4,3,3,1,1,3,1,3,3,3,3,3,2,2,2,2,1.9,3,3,3,3,3,3,3,0,1,0,0,0,0,0,0,0
TX82,3,3,3,3,4,3,3,3,1,3,3,3,3,3,3,3,2,4,2,2,1,3,3,3,3,3,3,3,0,1,0,0,0,0,0,0,0
TX84,3,3,3,3,1,3,3,3,3,1,1,2,3,3,3,3,1,4,2,2,1,3,3,3,3,3,3,3,1,0,0,0,0,0,0,0,0
TX88,3,3,3,3,1,3,3,2,2,1,1,3,3,3,3,4,3,3,3,2,1,4,3,3,3,3,3,3,0,1,0,0,0,0,0,0,0
TX95,3,3,3,3,2,3,3,2,2,2,3,3,3,3,3,3,2,4,3,2,1,3,3,3,3,3,3,3,0,1,0,0,0,0,0,0,0
UT17,3,3,3,3,2,4,3,3,3,3,3,4,3,2,4,3,3,2,3,1,1,3,2,3,3,2.9,3.3,3,0,0,0,1,0,0,0,0,0
VA10,3,3,3,3,2,2,2,3,3,2,1,4,4,3,3,3,4,3,2,2,1,2,4,3,2,2,3,3,0,1,0,0,0,0,0,0,0
VA13,3,3,3,3,2,3,3,2,1,2,2,2,3,2,3,3,1,4,3,2,1,3,2,3,3,3,2,3,0,1,0,0,0,0,0,0,0
VA16,3,3,3,3,3,3,3,1,1,2,3,3,3,3,3,3,1,5,2,2,1,3,3,3,3,3,3,3,0,1,0,0,0,0,0,0,0
VA20,3,3,3,3,3,3,3,3,2,3,3,4,4,4,3,3,4,3,4,3,1,4,4,4,4,4,3,3,0,1,0,0,0,0,0,0,0
VA29,3,3,3,3,2,2,2,3,2,2,1,3,3,3,3,3,3,3,3,2,1,2,3,3,3,1,2,2,0,1,0,0,0,0,0,0,0
VA33,3,3,3,3,3,3,3,4,4,3,1,1,2,3,3,3,1,5,3,2,1,1,3,3,3,1,1,1,0,1,0,0,0,0,0,0,0
VA46,3,3,3,3,2,3,3,1,1,2,1,3,3,2,1,3,1,3,3,3,1,3,4,3,3,3,3,3,0,1,0,0,0,0,0,0,0
VA47,3,3,3,3,3,3,2,1,1,4,1,2,3,3,1,3,1,2,3,3,1,3,3,3,3,3,3,3,0,1,0,0,0,0,0,0,0
VA5,3,3,3,2,3,3,3,1,1,3,2,2,3,3,3,3,2,4,4,3,1,3,3,3,3,3,3,3,0,1,0,0,0,0,0,0,0
WI123,3,3,3,3,2.3,2,3,4,1,1,4,3,4,2,3,3,1,4,2,2,1.3,4,4,4,3,3,4,4,1,0,0,0,0,0,0,0,0
WI210,3,3,3,3,1,3,3,1,1,1,4,3,4,4,3,4,2,3,1,2,1,3,4,3,3,3,3,3,0,0,0,1,0,0,0,0,0
WI7,3,3,3,3,2,2,3,3,1,2,3,2,2,2,3,3,1,5,1,1,3,3,4,3,3,3,2,3,0,0,1,0,0,0,0,0,0
WI85,3,3,3,3,1,4,3,1,1,1,1,3,3,3,3,3,1,3,1,2,1,3,3,3,3,3,3,3,0,0,0,1,0,0,0,0,0
WY30,3,3,3,3,4,3,3,4,3,2,4,3,3,2,3,3,1,4,2,2,4,5,4,3,3,3,3,3,0,0,0,0,0,0,0,1,0
WY80,3,3,3,3,3,3,3,1,4,1,1,3,3,3,3,3,1,3,3,3,4,3,3,4,3,3,3,3,0,0,0,0,0,0,1,0,0
AR30,4,3,3,3,4,5,4,2,5,1,4,4,3,2,3,3,4,5,1,2,1,2,2,3,3,4,3,3,0,1,0,0,0,0,0,0,0
AR42,4,3,3,3,2,3,2,1,1,1,1,4,3,3,3,3,4,3,2,2,1,3,3,3,3,3,3,3,0,1,0,0,0,0,0,0,0
CA28,4,3,3,3,2,3,3,3,2,2,2,2,3,2,3,3,1,3,2,3,3,3,3,2,2,3,2,2,0,0,0,0,0,0,0,1,0
ID46,4,3,3,3,2,3,2,1,5,1,3,4,3,4,4,3,1,5,3,3,4,4,4,3,3,3,3,3,0,0,0,0,0,0,0,1,0
ID48,4,3,3,2,5,3,2,1,3,2,2,3,3,3,3,4,4,4,3,3,1,4,4,4,4,3,3,3,0,1,0,0,0,0,0,0,0
KS30,4,3,3,4,3,3,3,2,1,2,3,4,4,3,3,3,4,5,2,2,1,3,3,3,3,3,3,3,0,0,0,0,0,0,1,0,0
MT66,4,3,3,2,3,5,1,1,1,1,1,4,3,3,2,4,5,5,2,3,1,4,4,3,3,3,2,3,0,1,0,0,0,0,0,0,0
NM7,4,3,3,3,2,2,2,1,3,2,2,2,4,3,3,4,1,3,2,2,3,4,4,4,3,3,3,3,0,0,0,1,0,0,0,0,0
PA37,4,3,3,3,2,4,3,2,3,3,2,4,3,3,3,3,4,4,2,2,1,4,2,3,3,3,3,3,0,1,0,0,0,0,0,0,0
TN47,4,3,3,3,2,4,4,1,1,2,1,5,4,4,2,4,4,4,2,2,1,5,4,3,3,3,4,4,1,0,0,0,0,0,0,0,0
TX79,4,3,3,3,1,3,3,1,3,1,1,3,3,3,3,3,3,3,2,3,1.6,4,4,3,4,3,3,3,0,1,0,0,0,0,0,0,0
VA28,4,3,3,4,1,4,3,1,1,2,1,3,4,4,2,4,3,4,3,3,4,4,4,4,4,3,3,3,0,1,0,0,0,0,0,0,0
WY43,4,3,3,3,2,4,3,1,3,1,1,2,3,4,3,4,1,5,3,3,4,3,3,4,4,3,3,3,0,0,0,0,0,0,0,1,0
AZ5,5,3,3,1,1,4,2,1,5,2,1,5,4,4,2,4,1,5,4,3,4,2,4,4,4,1,4,4,0,0,0,0,0,0,0,1,0
CA197,2,2,3,2,4,3,2,1,4,3,4,2,2,3,4,2,1,3,3,2,4,3,2,3,1,3,1,1,0,0,0,0,0,0,0,1,0
CA233,2,2,3,1,4,3,3,1,1,3,1,3,2,4,3,2,1,3,3,2,1,3,2,3,3,3,4,4,0,0,0,0,0,0,1,0,0
GA37,2,2,3,2,3,4,4,4,2,3,1,2,3,3,3,4,2,4,2,3,1,3,4,3,3,3,4,4,0,1,0,0,0,0,0,0,0
LA3,2,2,3,2,2,3,2,3,3,1,4,2,2,3,2,2,2,2,2,2,1,2,3,3,3,3,2,2,1,0,0,0,0,0,0,0,0
MT61,2,2,3,3,5,3,3,4,2,4.5,3,2,3,3,2.4,2,1,2,1,1,4,3,3,3,3,3,2,3,0,0,0,0,0,0,0,1,0
MT82,2,2,3,3,3,3,3,1,1,1,1,3,3,3,3,3,1,4,2,1,1,3,2,3,3,3,3,3,0,0,1,0,0,0,0,0,0
OK131,2,2,3,2,3,2,3,2,2,3,1,2,2,3,3,2,3,5,2,1,1,3,2,2,2,4,3,2,0,1,0,0,0,0,0,0,0
OK164,2,2,3,2,1,2,2,1,1,1,2,1,2,2,3,2,1,5,2,3,1,4,4,4,4,3,3,3,0,0,0,1,0,0,0,0,0
OK41,2,2,3,2,3,3,3,2,4,3,2,3,3,3,3,3,2,4,2,3,1,3,3,3,3,3,2,3,0,0,0,1,0,0,0,0,0
OK60,2,2,3,3,3,2,3,1,3,3,1,2,3,3,3,2,1,4,2,2,1,3,3,3,3,3,2,3,0,0,0,1,0,0,0,0,0
OK65,2,2,3,3,3,2,3,2,3,4,1,3,3,3,3,3,3,4,2,2,1,3,3,3,3,3,2,2,0,0,0,1,0,0,0,0,0
OK72,2,2,3,2,1,4,3,3,2,1,1,3,2,4,3,4,3,3,2,3,1,3,4,2,2,3,4,3,0,1,0,0,0,0,0,0,0
TN6,2,2,3,3,1,3,3,4,1,2,4,4,3,3,3,3,4,4,3,2,1,3,3,3,3,3,2,3,0,1,0,0,0,0,0,0,0
WY39,2,2,3,1,2,3,2,1,1,2,1,3,3,3,4,3,1,3,4,4,1,3,3,3,1,3,2,3,0,1,0,0,0,0,0,0,0
CA129,3,2,3,3,4,3,2,1,1,3,3,5,3,3,4,2,5,4,3,2,1,3,2,3,3,3,4,3,0,1,0,0,0,0,0,0,0
CA149,3,2,3,2,1,1,1,3,1,1,4,2,2,4,4,4,1,4,4,3,1,3,3,4,3,2,1,2,0,0,0,0,0,0,0,1,0
CA158,3,2,3,2,3,3,3,1,1,3,2,1,2,3,4,2,1,5,3,2,1,3,2,3,3,3,3,2,0,1,0,0,0,0,0,0,0
CA166,3,2,3,2,1,2,2,3,2,1,2,3,3,4,3,3,3,4,2,1.8,3.3,3,3,3,3,3,3,3,0,0,0,0,0,0,0,1,0
CA185,3,2,3,3,1,1,2,2,1,1,1,3,3,3,3,3,1,1,4,3,1,3,3,3,3,3,3,3,0,0,0,0,0,0,0,1,0
CA186,3,2,3,2,1,1,1,3,1,1,3,2,3,3,3,3,1,4,3,2,2,2,2,2,2,2,2,2,0,0,0,0,0,0,0,1,0
CA23,3,2,3,2,1,2.7,3,2,2,1,3,3,3,3,2,2,1,2,3,1,1,3,3,3,2,3,2,2,1,0,0,0,0,0,0,0,0
CA29,3,2,3,2,1,2,2,3,1,1,1,3,3,3,3,3,1,3,3,2,4,3,3,4,3,3,2,2,0,0,0,0,0,0,0,1,0
CA299,3,2,3,2,2,3,3,3,2,1,3,3,3,4,3,3,3,2,3,2,2,3,3,4,3,3,3,3,0,0,0,0,0,0,0,0,1
CA3,3,2,3,2,1,1,3,3,1,1,1,2,3,3,3,3,1,3,2,1,2,2,3,3,3,3,2,2,0,0,0,0,0,0,0,1,0
CA43,3,2,3,2,2,1,2,1,1,1,1,2,3,2,3,3,1,4,4,2,1,3,3,3,3,3,3,3,0,1,0,0,0,0,0,0,0
CA67,3,2,3,2,1,3,3,1,3,1,1,3,3,2,2,3,1,3,3,2,1,2,3,3,3,3,3,3,0,1,0,0,0,0,0,0,0
CA72,3,2,3,2,4,3,3,1,5,3,1,5,4,3,3,3,1,4,4,3,4,5,3,3,3,5,1,1,0,0,0,0,0,0,0,1,0
CA82,3,2,3,2,1,1,2,3,1,1,1,3,3,3,2,2,1,2,2,1,1,3,2,2,2,3,2,2,0,0,0,0,0,0,0,1,0
GA79,3,2,3,3,2,4,4,2,2,2,1,1,3,4,3,4,2,5,2,2,1,3,4,3,2,3,3,3,0,1,0,0,0,0,0,0,0
GA92,3,2,3,2,4,4,4,4,2,4,3,4,2,4,3,3,5,5,1,3,1,3,4,4,4,4,4,3,0,1,0,0,0,0,0,0,0
KS10,3,2,3,2,1,3,3,3,4,1,1,4,3,3,4,3,2,3,3,2,1,2,2,3,3,3,2,3,1,0,0,0,0,0,0,0,0
KS47,3,2,3,2,3,3,2,3,4,3,3,2,3,3,3,3,3,3,3,2,4,3,3,3,3,3,3,3,0,0,0,0,1,0,0,0,0
KS61,3,2,3,2,1,3,3,3,3,1,1,4,2,3,3,2,1,2,2,1,1,4,2,3,2,3,3,3,0,1,0,0,0,0,0,0,0
MN128,3,2,3,3,3,3,3,1,1,1,1,1,1,3,1,3,1,3,2,2,1,3,2,3,1,4,3,3,0,0,0,1,0,0,0,0,0
MS26,3,2,3,2,1,2,2,3,1,1,1,2,3,2,2,3,2,4,3,1,1,3,2,2,2,3,4,4,0,1,0,0,0,0,0,0,0
MS43,3,2,3,2,1,3,3,3,2,1,1,2,4,2,3,3,2,3,4,3,1,3,2,2,2,3,3,3,1,0,0,0,0,0,0,0,0
MS46,3,2,3,3,1,3,3,1,1,1,1,3,2,3,3,2,3,2,2,2,2,3,2,2,2,3,3,4,1,0,0,0,0,0,0,0,0
MT83,3,2,3,3,1,3,3,1,1,1,1,3,4,3,5,3,3,3,3,2,1,3,3,2,2,3,3,3,0,0,0,1,0,0,0,0,0
NC13,3,2,3,2,3,3,3,1,1,3,1,2,2,3,3,3,1,3,2,2,2,3,3,3,3,3,3,3,0,1,0,0,0,0,0,0,0
NC63,3,2,3,2,3,3,3,1,3,2,3,3,3,3,3,3,4,3,2,1,2,3,3,3,3,3,3,3,0,1,0,0,0,0,0,0,0
NM44,3,2,3,4,3,2,3,1,3,3,1,4,3,3,2,3,1,4,2,4,4,3,3,4,4,3,1,2,0,0,0,0,0,0,0,1,0
OH11,3,2,3,3,1,3,3,1,3,2,1,2,2,3,3,4,2,3,1,3,1,3,4,4,3,3,3,3,0,1,0,0,0,0,0,0,0
OK109,3,2,3,2,1,3,2,1,3,1,1,3,3,2,1,2,1,4,2,1,1,4,1,2,2,3,3,2,0,0,0,1,0,0,0,0,0
OK143,3,2,3,3,4,3,3,1,4,4,1,3,2,3,3,3,4,4,2,3,2,4,4,4,4,3,4,4,0,1,0,0,0,0,0,0,0
OK3,3,2,3,4,3,3,3,1,4,3,2,3,3,3,5,2,1,4,1,1,1,2,3,3,3,4,1,3,0,0,0,1,0,0,0,0,0
OK66,3,2,3,2,1,2,2,1,4,1,1,2,2,2,3,2,1,5,3,2,1,4,2,3,2,2,4,3,0,0,0,1,0,0,0,0,0
OK73,3,2,3,3,3,4,3,3,4,3,4,4,3,3,2,3,4,2,1,1,1,4,2,2,2,4,3,2,0,0,0,1,0,0,0,0,0
OK82,3,2,3,2,3,2,3,3,4,3,1,2,3,4,3,3,1,4.2,1,2,1,2,4,3,3,3,2,3,0,0,0,1,0,0,0,0,0
PA14,3,2,3,2,1,3,2,1,5,1,1,4,3,3,4,3,4,3,2,3,4,3,4,3,3,3,2,2,0,0,0,1,0,0,0,0,0
PA67,3,2,3,2,1,2,2,1,5,1,1,4,4,3,3,4,3,5,4,3,1,4,4,3,3,3,3,3,0,1,0,0,0,0,0,0,0
PA87,3,2,3,2,1,2,2,1,1,1,1,4,3,4,3,3,2,4,3,3,1,4,4,4,3,3,3,3,0,0,0,1,0,0,0,0,0
SD29,3,2,3,2,3,2,2,1,2,2,3,4,4,2,3,3,3,4,4,2,1,3,3,3,2,3,3,3,0,0,0,1,0,0,0,0,0
TN12,3,2,3,2,1,3,2,4,1,2,2,4,4,4,3,4,3,4,3,3,1,5,5,5,4,3,3,4,0,1,0,0,0,0,0,0,0
TX102,3,2,3,3,1,3,3,1,1,1,1,5,4,3,3,2,5,4,3,2,1,3,3,3,2,3,3,3,0,1,0,0,0,0,0,0,0
TX269,3,2,3,3,3,3,3,3,2,2,2,2,2,3,3,3,1,3,3,2,1,3,3,3,3,3,3,3,0,0,0,0,0,0,0,0,0
TX273,3,2,3,1,1,3,3,3,1,1,1,3,3,3,3,3,2,3,3,2,1,4,2,2,2,3,3,3,0,1,0,0,0,0,0,0,0
TX297,3,2,3,2,3,3,3,1,3,1,1,4,3,3,3,3,3,2,3,3,1,3,4,3,3,3,3,3,0,0,0,0,1,0,0,0,0
TX50,3,2,3,2,3,3,3,3,4,3,3,3,3,4,3,3,4,2,2,2,1,3,3,2,3,3,3,3,0,1,0,0,0,0,0,0,0
VA34,3,2,3,2,1,2,2,1,1,4,1,5,4,4,3,4,1,5,4,3,1,4,4,3,3,3,1,2,0,1,0,0,0,0,0,0,0
VA53,3,2,3,2,4,3,3,1,2,1,1,2,2,4,3,2,1,4,3,3,1,3,4,4,4,3,3,3,0,1,0,0,0,0,0,0,0
VA9,3,2,3,3,1,3,3,1,3,1,1,2,3,3,3,3,1,3,2,3,1,4,3,3,3,3,3,3,0,1,0,0,0,0,0,0,0
WI160,3,2,3,2,1,2,2,1,1,1,2,2,2,2,2,3,2,3,3,1,1,2,1,1,1,3,3,3,0,0,0,1,0,0,0,0,0
NC89,4,2,3,3,1,3,3,1,1,1,1,1,4,4,3,4,4,3,4,4,1,5,3,3,3,3,3,3,1,0,0,0,0,0,0,0,0
OK20,4,2,3,3,1,3,3,1,3,1,1,3,3,2,3,3,2,4,2,1,2,3,3,3,3,3,3,3,0,1,0,0,0,0,0,0,0
TX173,4,2,3,2,2,4,3,1,4,2,3,3,3,2,3,4,5,3,3,3,1,4,3,2,2,3,3,3,0,1,0,0,0,0,0,0,0
UT15,4,2,3,3,1,1,1,1,4,1,4,4,4,3,3,4,1,4,4,4,4,3,3,4,4,3,1,3,0,0,0,0,0,0,0,1,0
WY73,5,2,3,3,3,4,3,1,5,2,1,3,3,5,3,3,1,5,3,4,4,4,2,5,5,1,5,5,0,0,0,0,0,0,0,1,0
TX41,2,1,3,2,1,3,3,1,5,1,1,2,1,2,3,2,2,2,3,1,1,2,1,2,2,3,3,3,0,1,0,0,0,0,0,0,0
ND62,3,1,3,2,1,1,1,5,3,1,4,3,3,4,4,2,1,4,2,3,4,3,4,3,3,3,3,3,0,0,0,1,0,0,0,0,0
NV43,3,1,3,5,1,3,3,1,3,1,1,3,3,3,3,3,1,5,2,2,4,3,3,3,3,3,1,3,0,0,0,0,0,0,0,1,0
TX191,4,4,3.2,3,1,3,3,1,3,1,1,4,2,3,1,3,2,3,1,3,1,3,3,3,4,3,3,3,1,0,0,0,0,0,0,0,0
MO51,4,4,3.8,3,4,3,3,3,3,3,3,1,4,3,3,2,1,2,2,2,1,3,4,4,4,3,3,3,0,1,0,0,0,0,0,0,0
CT6,4,5,4,4,4,4,4,1,4,1,2,5,4,4,2,4,5,2,2,3,1,4,5,4,3,3,3,3,0,1,0,0,0,0,0,0,0
IA24,4,5,4,4,3,3,3,5,4,4,2,5,3,3,3,4,5,4,2,3,1,4,3,4,4,3,3,3,1,0,0,0,0,0,0,0,0
IA35,4,5,4,5,5,5,3,1,1,4,2,4,4,3,3,4,5,3,3,4,1,4,3,3,3,3,3,3,0,0,0,0,1,0,0,0,0
IA36,4,5,4,5,5,5,2,1,1,4,2,3,4,4,4,4,5,3,3,4,1,5,3,5,3,3,3,3,0,0,0,0,1,0,0,0,0
KS21,4,5,4,4,5,4,3,1,4,2,1,2,4,4,5,3,2,4,2,3,1,5,5,5,4,3,4,4,1,0,0,0,0,0,0,0,0
LA14,4,5,4,3,1,3,4,1,1,1,2,3,4,4,3,4,2,3,3,2,1,4,4,4,3,3,3,3,0,1,0,0,0,0,0,0,0
MO45,4,5,4,4,3,3,3,4,1,4,2,5,4,4,4,4,5,5,3,2,1,4,4,4,4,4,4,4,0,1,0,0,0,0,0,0,0
ND59,4,5,4,3,1,3,3,3,3,2,1,5,4,4,3,3,1,5,3,3,2,4,4,5,4,3,4,4,0,0,0,1,0,0,0,0,0
OH43,4,5,4,5,4,3,3,5,2,3,3,4,4,3,3,4,2,4,2,2,1,5,4,3,4,3,4,4,0,1,0,0,0,0,0,0,0
OK25,4,5,4,4,3,4,3,1,4,1,1,4,4,3,3,5,2,4,2,3,4,5,4,3,3,2,4,4,0,0,0,0,0,0,1,0,0
OK69,4,5,4,4,2,4,4,2,1,4,2,4,3,3,3,4,3,3,1,3,1,3,4,4,4,3,3,3,0,0,0,0,1,0,0,0,0
TX111,4,5,4,3,1,3,3,3,1,1,2,5,4,4,3,4,3,3,3,3,1,4,4,5,5,3,3,3,1,0,0,0,0,0,0,0,0
TX127,4,5,4,4,1,3,3,1,5,1,1,5,3,4,1,4,3,5,4,3,1,4,5,5,3,3,3,3,0,1,0,0,0,0,0,0,0
TX164,4,5,4,3,1,3,3,3,4,1,2,3,3,3,3,3,4,3,2,2,1,3,3,3,3,3,3,2,0,1,0,0,0,0,0,0,0
TX183,4,5,4,3,1,3,4,2,3,1,1,4,4,4,3,4,1,4,2,3,1,4,4,3,4,2,4,4,1,0,0,0,0,0,0,0,0
TX214,4,5,4,3,3,3,3,3,4,3,4,4,3,4,3,3,4,3,1,3,2,3,4,4,4,3,3,3,0,1,0,0,0,0,0,0,0
TX277,4,5,4,4,1,4,4,3,1,1,1,2,1,3,5,3,2,3,1.8,2.8,2.6,4,2,3,3,3,1,1,0,1,0,0,0,0,0,0,0
TX86,4,5,4,4,1,3,3,1,1,1,1,3,4,4,3,4,1,5,4,4,1,4,4,4,3,3,4,4,1,0,0,0,0,0,0,0,0
TX99,4,5,4,4,2,3,3,3,4,1,2,3,3,4,5,4,2,3,2,3,1,5,3,4,5,3,4,4,0,0,0,0,0,0,1,0,0
VA56,4,5,4,3,3,4,4,4,4,4,2,5,3,4,4,3,5,5,4,3,1,3,4,4,4,3,1,1,0,1,0,0,0,0,0,0,0
CT54,5,5,4,3,2,5,5,1,1,1,1,3,3,3,3,3,5,3,2,3,1,4,4,3,5,3.4,3,3,0,1,0,0,0,0,0,0,0
MT10,5,5,4,5,2,3,3,1,5,4,2,5,3,4,5,3,1,2,3,4,4,3,5,5,5,3,2,2,0,0,0,0,0,0,0,1,0
OK160,5,5,4,5,4,3,3,3,4,3,3,4,4,4,2,4,3,3,1,2,2,4,4,4,4,3,2,4,0,0,0,0,1,0,0,0,0
PA121,5,5,4,2,5,4,2,1,2,1,1,3,4,3,3,3,4,5,1,3,1,2,5,4,4,3,2,3,0,0,0,0,1,0,0,0,0
PA57,5,5,4,4,5,4,2,1,1,4,1,4,3,4,4,2,1,4,2,3,1,3,4,3,5,3,3,3,1,0,0,0,0,0,0,0,0
TX98,5,5,4,5,1,3,3,4,4,1,1,3,3,3,3,4,2,4,2,3,1,5,4,4,3,3,3,3,0,0,0,0,1,0,0,0,0
AL34,3,4,4,4,1,3,3,1,1,1,1,4,3,3,3,3,4,4,2,2,1,3,3,3,3,3,3,3,1,0,0,0,0,0,0,0,0
AR78,3,4,4,3,2,3,3,3,3,1,1,4,4,3,4,3,3,4,1,2,1,3,4,4,4,3,4,3,0,1,0,0,0,0,0,0,0
GA56,3,4,4,3,3,3,3,4,4,3,3,3,3,3,3,3,3,3,3,2,1,3,3,3,3,3,3,3,0,1,0,0,0,0,0,0,0
IL45,3,4,4,2,3,3,3,1,1,3,1,3,4,3,3,3,4,5,3,3,1,3,4,3,3,3,3,4,0,1,0,0,0,0,0,0,0
IL72,3,4,4,4,1,2,2,2,1,3,4,3,4,5,1,4,3,5,4,4,1,4,5,4,4,3,4,4,0,1,0,0,0,0,0,0,0
IL80,3,4,4,4,1,1,1,3,3,1,1,3,4,4,3,4,5,5,3,4,1,4,4,4,4,3,4,4,0,1,0,0,0,0,0,0,0
KS75,3,4,4,4,3,3,3,3,3,3,2,3,3,3,3,3,2,3,2,2,1,3,3,3,3,3,3,3,0,0,0,0,1,0,0,0,0
NC86,3,4,4,3,3,3,3,3,3,3,3,3,4,3,3,3,3,4,3,3,1,4,2,3,3,3,3,3,1,0,0,0,0,0,0,0,0
PA91,3,4,4,3,4,4,4,1,5,4,1,4,3,4,4,2,5,2,1,3,4,3,3,3,4,3,3,3,0,0,0,0,0,0,1,0,0
TX56,3,4,4,3,3,4,3,1,5,1,1,3,4,4,4,3,2,3,3,3,1,4,3,3,3,3,3,3,0,1,0,0,0,0,0,0,0
VA18,3,4,4,4,2,3,3,1,3,3,3,3,3,2,2,3,4,4,3,1,1,3,2,2,2,5,3,2,0,1,0,0,0,0,0,0,0
WI193,3,4,4,3,2.7,4,3,1,2,1.9,1,2,2,3,3,3,4,2,2,3,1,4,4,4,3,3,4,3,1,0,0,0,0,0,0,0,0
WI88,3,4,4,3,2.6,3,3,1,3.7,3.1,2.2,2,3,3,4,3,1,4,2,2,1,4,4,3,3,3,4,4,0,0,0,1,0,0,0,0,0
AL19,4,4,4,4,2,3,3,4,2,2,3,4,4,3,3,4,4,3,3,2,2,4,3,4,3,3,4,4,0,1,0,0,0,0,0,0,0
AL24,4,4,4,4,3,4,4,1,1,3,1,4,4,4,2,4,4,4,2,2,1,3,4,4,3,3,3,4,0,1,0,0,0,0,0,0,0
AL39,4,4,4,5,2,3,3,3,2,2,2,4,4,3,3,4,4,4,3,3,1,4,4,4,3,3,3,3,1,0,0,0,0,0,0,0,0
AL8,4,4,4,3,2,4,3,3,1,1,1,3,4,3,3,4,4,4,1,2,1,4,3,4,4,3,3,4,0,1,0,0,0,0,0,0,0
AR18,4,4,4,3,3,4,3,2,1,4,2,4,4,4,2,3,5,4,2,3,1,4,4,4,3,3,2,3,0,1,0,0,0,0,0,0,0
AR19,4,4,4,4,3,4,2,2,2,4,3,3,2,2,4,2,3,4,2,1,1,4,3,4,4,3,3,3,0,1,0,0,0,0,0,0,0
AR2,4,4,4,3,3,4,3,1,1,4,1,2,4,3,2,3,2,5,3,3,1,4,3,4,3,4,4,4,0,0,0,0,1,0,0,0,0
AR20,4,4,4,4,2,3,3,3,4,2,1,3,4,4,3,4,4,4,2,3,1,4,4,3,3,3,3,3,0,1,0,0,0,0,0,0,0
AR34,4,4,4,4,2,3,3,3,3,1,1,4,3,3,3,3,5,3,2,1,1,3,3,2,3,3,3,3,0,1,0,0,0,0,0,0,0
AR44,4,4,4,4,2,3,2,3,1,1,1,4,4,4,3,3,4,5,3,2,2,4,4,4,4,3,4,4,0,1,0,0,0,0,0,0,0
AR53,4,4,4,4,2,2,2,5,1,2,1,5,4,4,4,4,1,4,4,3,2,4,4,3,4,5,2,3,0,1,0,0,0,0,0,0,0
AR87,4,4,4,4,4,3,3,3,1,3,3,4,4,4,4,4,4,4,2,2,1,4,4,3,3,3,3,3,0,1,0,0,0,0,0,0,0
CA152,4,4,4,4,3,4,4,4,1,1,1,2,4,4,3,5,1,3,2,3,1,4,4,4,2,3,3,3,0,1,0,0,0,0,0,0,0
CA214,4,4,4,4,1,4,3,1,4,1,1,4,3,3,3,3,4,3,2,4,1,4,4,3,4,3,2,2,0,1,0,0,0,0,0,0,0
CA30,4,4,4,4,3,4,4,4,3,1,1,4,4,4,3,4,3,4,1,2.5,2.5,4,4,4,3,3,2,2,0,0,0,0,0,0,0,1,0
CA46,4,4,4,4,2,4,4,5,5,2,1,5,5,5,3,5,2,5,2,4,4,5,5,5,3,3,2,2,0,0,0,0,0,0,0,1,0
CA47,4,4,4,4,1,3,3,1,1,1,1,4,4,4,3,4,2,4,3,4,1,4,5,5,5,3,5,5,0,1,0,0,0,0,0,0,0
CA51,4,4,4,4,3,5,3,1,5,1,1,4,3,3,3,4,3,3,2,2,4,4,4,4,3,3,5,5,0,0,0,0,0,0,0,1,0
CA92,4,4,4,3,3,5,4,1,1,3,2,5,3,2,3,3,5,4,3,3,1,4,3,3,3,3,4,4,0,1,0,0,0,0,0,0,0
CT38,4,4,4,3,1,4,4.2,1,1,1,1,2,4,4,1,4,2,5,2,1,1,4,4,4,4,1.8,3,4,0,1,0,0,0,0,0,0,0
FL110,4,4,4,4,3,3,3,1,1,1,3,5,4,3,2,4,5,3,2,3,1,4,4,3,3,3,3,4,0,1,0,0,0,0,0,0,0
GA42,4,4,4,3,2,4,4,4,2,2,1,5,4,4,3,4,2,4,2,3,1,4,4,3,4,4,4,4,0,1,0,0,0,0,0,0,0
GA74,4,4,4,4,3,4,4,4,1,3,3,4,4,3,3,3,5,4,2,2,1,4,3,2,4,4,4,4,0,1,0,0,0,0,0,0,0
GA93,4,4,4,3,3,3,3,3,3,3,2,4,4,4,3,3,5,4,1,3,1,4,4,3,3,4,4,4,0,1,0,0,0,0,0,0,0
IA15,4,4,4,3,1,3,3,3,3,1,1,3,3,3,3,3,2,3,2,2,1,3,4,4,4,3,3,3,0,0,0,0,0,1,0,0,0
IA18,4,4,4,3,2,2,2,2,1,2,1,4,4,3,3,4,2,4,2,2,1,4,3,3,3,3,3,3,0,0,0,0,0,1,0,0,0
IA23,4,4,4,4,3,3,3,3,3,4,2,4,3,4,3,4,3,3,1,2,1,3,4,4,4,3,3,3,0,0,0,0,0,1,0,0,0
IA32,4,4,4,4,3,5,5,1,1,3,1,5,4,4,4,4,3,4,1,2,1,4,4,4,4,5,4,4,0,1,0,0,0,0,0,0,0
IA37,4,4,4,4,5,4,3,5,2,4,3,3,3,3,3,3,5,3,3,3,1,3,3,3,3,3,3,3,0,0,0,0,1,0,0,0,0
IA42,4,4,4,4,3,4,3,3,3,3,2,5,4,4,4,4,2,5,2,2,1,5,4,4,4,3,3,3,0,1,0,0,0,0,0,0,0
IA54,4,4,4,4,1,3,3,3,4,1,1,4,4,4,2,4,4,4,2,2,1,4,4,4,4,3,3,3,1,0,0,0,0,0,0,0,0
IA58,4,4,4,4,3,5,5,1,1,1,1,5,5,4,4,4,5,5,1,2,1,4,4,4,4,5,4,4,0,1,0,0,0,0,0,0,0
IA6,4,4,4,4,1,3,3,2,1,1,1,4,4,4,2,4,5,4,3,3,1,4,3,3,3,3,3,3,0,1,0,0,0,0,0,0,0
IL41,4,4,4,3,1,3,3,2,4,1,1,5,4,4,3,4,3,3,3,2,1,4,4,3,3,1,3,3,0,1,0,0,0,0,0,0,0
IL42,4,4,4,3,3,3,3,4,4,3,3,3,3,4,3,4,2,3,2,3,1,4,4,4,3,3,4,4,1,0,0,0,0,0,0,0,0
IL49,4,4,4,4,1,1,4,4,2,1,1,3,4,4,2,4,5,4,3,3,1,5,5,5,5,3,5,5,0,1,0,0,0,0,0,0,0
IL86,4,4,4,3,1,1,1,3,3,1,2,5,4,3,3,4,5,5,3,2,1,5,2,2,4,3,4,4,0,1,0,0,0,0,0,0,0
KS2,4,4,4,5,2,4,3,3,3,2,1,3,4,4,3,4,5,4,1.9,2,1,4,4,4,4,3,3,3,0,0,0,0,1,0,0,0,0
KS29,4,4,4,3,3,3,3,3,3,1,1,2,3,3,3,4,1,4,2,2,1,3,3,3,4,3,3,3,0,0,0,1,0,0,0,0,0
KS40,4,4,4,4,2,4,3,3,3,1,1,5,4,4,3,4,4,3,1,3,4,4,4,4,3,3,3,3,0,0,0,0,0,0,1,0,0
KS54,4,4,4,4,3,3,3,2,4,2,1,2,4,4,1,4,2,4,2,3,1,3,4,3,3,3,3,3,1,0,0,0,0,0,0,0,0
KS55,4,4,4,4,4,3,3,1,1,3,2,1,4,4,3,4,1,3,3,3,1,4,4,4,4,4,4,4,1,0,0,0,0,0,0,0,0
KS58,4,4,4,3,3,3,3,3,3,3,2,3,3,3,3,4,3,3,2,2,2,4,4,3,4,3,3,3,0,0,0,1,0,0,0,0,0
KY2,4,4,4,5,3,3,3,1,1,4,4,4,4,4,3,5,5,4,2,3,1,5,5,5,4,3,4,4,0,1,0,0,0,0,0,0,0
KY24,4,4,4,4,3,3,3,1,1,1,2,4,4,3,4,4,4,4,2,3,2,4,4,4,4,4,4,4,1,0,0,0,0,0,0,0,0
KY3,4,4,4,4,3,3,2.6,2,2,3,3,4,3,3,3,3,4,3,3,3,1,4,4,4,5,3,4,4,0,1,0,0,0,0,0,0,0
KY4,4,4,4,3,2,3,3,3,1,1,2,3,4,4,3,4,4,3,3,3,2,4,5,5,5,3,3,4,0,1,0,0,0,0,0,0,0
KY46,4,4,4,3,1,3,3,1,3,1,1,4,3,2,3,3,3,4,2,1,1,4,2,2,2,2,3,4,0,1,0,0,0,0,0,0,0
LA12,4,4,4,3,1,3,3,1,1,1,1,2,3,3,3,3,2,5,2,2,1,3,3,4,4,3,4,2.5,0,1,0,0,0,0,0,0,0
LA15,4,4,4,3,2,3,3,2,3,1,1,4,3,4,3,3,4,3,2,2,1,4,4,4,4,3,2,3,0,1,0,0,0,0,0,0,0
LA27,4,4,4,3,2,3,3,3,3,2,2,4,3,3,3,3,1,2,2,1,1,4,4,3,3,3,3,3,0,1,0,0,0,0,0,0,0
LA28,4,4,4,3,1,3,3,2,2,1,2,3,3,4,3,3,1,4,2,2,1,4,4,3,3,3,3,3,0,1,0,0,0,0,0,0,0
LA54,4,4,4,3,4,2,3,2,1,1,1,3,4,3,3,3,1,3,3,2,2,4,2,3,2,3,3,3,1,0,0,0,0,0,0,0,0
MD4,4,4,4,4,2,4,4,1,1,1,2,4,4,5,1,4,4,3,2,2,1,4,4,3,3,3,3,3,0,1,0,0,0,0,0,0,0
MO11,4,4,4,4,1,4,4,1,1,1,3,4,3,5,3,4,3,2,2,3,1,4,5,4,3,3,3,3,1,0,0,0,0,0,0,0,0
MO19,4,4,4,3,3,4,2,4,1,4,3,5,4,3,3,3,5,5,1,1,1,4,1,2,1,3,5,4,0,0,0,0,1,0,0,0,0
MT100,4,4,4,3,1,1,1,1,5,3,4,3,3,5,5,4,1,5,4,4,4,4,5,5,5,3,3,3,0,0,0,0,0,0,0,1,0
MT9,4,4,4,4,3,3,3,1,4,2,2,4,4,4,3,4,3,5,4,4,4,4,5,5,5,3,3,3,0,0,0,0,0,0,0,1,0
NC11,4,4,4,4,1,4,3,1,2,3,1,4,4,4,3,3,4,3,2,2,1,4,4,4,4,2,3,3,0,1,0,0,0,0,0,0,0
NC18,4,4,4,4,1,4,3,1,1,1,1,5,3,3,3,4,5,5,2,1,1,3,3,3,3,3,3,3,0,1,0,0,0,0,0,0,0
NC26,4,4,4,4,4,2,2,3,3,3,4,4,4,3,3,4,5,4,2,3,1,4,4,4,4,3,3,3,0,1,0,0,0,0,0,0,0
NC28,4,4,4,4,1,4,4,1,1,3,1,4,4,4,3,4,5,4,2,2,1,3,3,3,3,3,3,3,0,1,0,0,0,0,0,0,0
NC3,4,4,4,3,3,3,3,1,3,4,4,4,4,4,2,3,3,3,2,2,2,3,3,3,3,3,4,3,0,1,0,0,0,0,0,0,0
NC5,4,4,4,3,1,3,3,1,5,1,1,3,3,3,3,3,1,5,2,2,2,3,3,3,1,3,1,1,0,0,0,0,0,0,0,1,0
NC60,4,4,4,3,4,3,3,4,3,5,3,5,3,3,3,3,5,3,2,3,1,4,3,3,3,3,3,3,0,1,0,0,0,0,0,0,0
NC69,4,4,4,3,2,3,3,3,3,3,3,3,3,4,3,4,4,4,3,2,2,4,3,3,3,3,3,3,0,1,0,0,0,0,0,0,0
NC73,4,4,4,3,3,3,3,3,3,3,3,3,3,4,3,3,2,4,2,4,1,4,4,4,3,3,3,3,0,1,0,0,0,0,0,0,0
NC76,4,4,4,4,3,3,3,1,2,3,2,5,4,4,3,3,5,5,3,3,1,3,4,4,3,3,3,3,0,1,0,0,0,0,0,0,0
NC99,4,4,4,4,4,4,4,5,5,1,1,4,4,4,4,4,1,4,2,3,4,4,4,4,4,3,3,3,0,0,1,0,0,0,0,0,0
ND46,4,4,4,4,2,3,3,2,2,2,2,4,4,3,2,4,3,3,3,3,1,4,4,4,4,2,4,4,0,1,0,0,0,0,0,0,0
NE36,4,4,4,4,4,2,4,1,2,4,3,5,4,3,3,4,4,5,2,3,1,4,4,3,4,3,3,3,0,1,0,0,0,0,0,0,0
NM18,4,4,4,3,5,2,1,1,4,4,2,4,3,4,5,3,3,3,1,4,4,3,4,5,4,4,3,3,0,0,0,0,0,0,0,1,0
NM42,4,4,4,3,3,3,3,1,4,1,1,3,4,4,3,4,3,4,2,3,4,5,5,4,4,3,4,4,0,0,0,1,0,0,0,0,0
NV44,4,4,4,4,4,5,3,1,4,3,3,3,3,4,3,3,2,3,2,4,4,3,3,5,5,3,1,3,0,0,0,0,0,0,1,0,0
OH22,4,4,4,4,2,3,3,1,5,1,1,4,4,4,3,3,4,5,1,2,4,4,3,4,4,3,4,3,0,0,0,1,0,0,0,0,0
OH23,4,4,4,3,3,4,3,1,3,4,2,2,3,3,3,4,4,2,2,3,1,4,4,3,3,3,3,3,0,1,0,0,0,0,0,0,0
OH24,4,4,4,4,3,3,3,1,4,3,2,4,4,3,3,4,5,4,1,2,4,4,3,4,3,3,4,3,0,0,0,1,0,0,0,0,0
OH31,4,4,4,3,1,3,3,1,4,1,2,4,4,3,4,3,5,2,2,1,1,2,2,3,3,3,2,2,0,1,0,0,0,0,0,0,0
OH45,4,4,4,3,2,3,3,4,2,2,4,2,3,3,3,2,2,4,2,3,1,4,4,4,3,3,3,3,0,1,0,0,0,0,0,0,0
OH46,4,4,4,3,4,3,3,5,2,4,2,2,3,3,3,4,3,4,2,3,1,4,5,3,3,3,3,3,0,1,0,0,0,0,0,0,0
OH51,4,4,4,4,2,4,4,1,4,3,1,4,3,4,3,4,4,3,2,1,1,3,3,3,3,3,3,3,0,1,0,0,0,0,0,0,0
OK129,4,4,4,3,3,3,3,2,4,3,2,3,4,3,3,3,2,4,2,2,1,3,3,3,3,3,2,4,0,0,0,1,0,0,0,0,0
OK153,4,4,4,4,3,3,3,2,4,3,2,3,4,4,3,4,2,4,1,3,1,2,5,5,5,3,1,4,0,0,0,1,0,0,0,0,0
OK166,4,4,4,4,3,4,3,2,4,1,1,4,4,4,3,4,3,4,3,3,1,4,3,3,3,3,3,3,0,1,0,0,0,0,0,0,0
OK36,4,4,4,3,1,3,3,2,1,2,3,4,5,3,3,4,4,5,3,3,1,5,3,3,3,3,4,4,0,0,0,0,0,0,0,0,1
OK68,4,4,4,4,2,3,3,1,4,4,3,3,3,4,4,3,2,4,3,3,1,5,4,4,3,3,3,3,0,0,0,0,1,0,0,0,0
PA120,4,4,4,3,1,4,3,1,3,1,1,3,4,4,3,3,1,4,3,3,1,4,4,3,3,3,3,3,0,1,0,0,0,0,0,0,0
PA38,4,4,4,4,1,3,3,5,5,1,1,3,4,4,3,4,3,4,3,3,2,4,4,4,4,3,3,3,1,0,0,0,0,0,0,0,0
PA43,4,4,4,3,1,3,3,3,1,1,1,5,3,4,3,4,3,4,2,2,1,4,4,3,3,3,3,3,0,1,0,0,0,0,0,0,0
PA56,4,4,4,4,1,4,1,3,5,5,1,5,3,4,3,2,3,3,1,2,1,4,3,3,4,3,3,3,0,1,0,0,0,0,0,0,0
PA60,4,4,4,4,1,3,3,4,1,3,1,5,3,4,3,4,3,4,2,2,1,4,4,4,4,3,3,3,0,1,0,0,0,0,0,0,0
PA72,4,4,4,4,2,3,3,3,3,3,2,4,4,4,3,4,5,4,2,2,1,4,3,3,4,3,3,3,0,1,0,0,0,0,0,0,0
PA89,4,4,4,4,4,5,4,4,1,3,4,4,4,4,3,4,4,5,3,3,4,5,4,4,4,3,3,4,0,0,0,1,0,0,0,0,0
PA95,4,4,4,4,3,4,3,3,4,3,2,4,4,4,3,4,4,4,2,2,1,4,3,3,3,3,3,3,1,0,0,0,0,0,0,0,0
SD17,4,4,4,4,3,4,4,2,4,1,3,4,3,4,3,4,4,4,4,3,1,3,4,4,3,3,3,3,0,0,0,1,0,0,0,0,0
SD31,4,4,4,4,3,5,3,3,2,2,1,4,4,3,3,4,3,4,1,3,1,3,3,3,4,2,3,3,0,0,0,1,0,0,0,0,0
SD6,4,4,4,3,1,3,3,3,1,1,1,3,2,2,4,3,1,3,2,4,1,2,4,4,4,3,2,2,1,0,0,0,0,0,0,0,0
TN11,4,4,4,4,1,4,4,2,4,1,1,2,3,4,3,3,2,3,2,3,1,4,4,4,3,3,4,4,0,1,0,0,0,0,0,0,0
TN14,4,4,4,5,3,3,3,4,1,2,3,3,4,2,3,3,3,4,2,3,1,5,3,3,3,3,3,3,1,0,0,0,0,0,0,0,0
TN27,4,4,4,4,1,4,4,1,1,1,4,4,4,3,2,3,4,3,2,3,1,4,3,4,3,3,3,2,0,1,0,0,0,0,0,0,0
TN3,4,4,4,4,3,4,3,2,4,3,3,5,3,4,3,3,3.1,3,3,3,1,4,4,3,4,3,3,3,0,1,0,0,0,0,0,0,0
TN9,4,4,4,4,1,4,4,3,3,1,2,5,4,4,2,5,5,5,3,3,1,4,5,5,4,3,4,4,0,1,0,0,0,0,0,0,0
TX10,4,4,4,4,3,3,3,2,2,1,3,2,3,3,4,3,2,4,2,1,1,2,4,4,3,3,2,2,0,1,0,0,0,0,0,0,0
TX140,4,4,4,3,1,4,4,2,1,1,1,3,4,3,3,4,2,2,3,3.1,1.8,4,4,4,4,3,4,4,0,1,0,0,0,0,0,0,0
TX148,4,4,4,3,3,3,3,2,1,3,3,4,4,4,3,3,4,4,3,2,1,3,4,3,3,3,3,3,0,0,0,0,1,0,0,0,0
TX211,4,4,4,4,1,4,3,2,4,2,2,3,4,4,3,4,3,3,2,3,2,4,4,4,4,3,3,3,0,0,0,0,0,0,1,0,0
TX230,4,4,4,3,2,3,3,3,2,1,1,2,4,3,3,3,2,4,2,3,1,4,4,3,3,2,3,4,0,0,0,0,0,0,1,0,0
TX237,4,4,4,3,1,2,3,1,1,1,5,4,3,4,3,4,3,5,4,3,1.6,4,4,3,5,4,3,3,0,1,0,0,0,0,0,0,0
TX263,4,4,4,3,2,3,3,2,3,2,3,4,3,3,3,3,3,3,2,2,1,4,3,4,3,3,3,3,0,1,0,0,0,0,0,0,0
TX270,4,4,4,4,2,3,3,4,1,3,1,5,4,4,3,4,5,3,3,2,1,3,2,3,4,3,3,3,0,1,0,0,0,0,0,0,0
TX276,4,4,4,4,1,4,3,3,1,1,1,4,3,3.8,4,4,1,3,2.2,3.1,2.3,5,5,4,4,3,2,4,1,0,0,0,0,0,0,0,0
TX285,4,4,4,4,1,3,3,1,4,1,1,4,3,5,1,5,1,5,4,4,2,4,5,5,5,2,4,4,0,1,0,0,0,0,0,0,0
TX30,4,4,4,4,1,3,3,1,5,1,2,3,4,3,3,4,2,4,3,3,4,4,3,3,4,3,3,3,0,0,0,0,0,0,1,0,0
TX51,4,4,4,4,2,5,5,3,3,2,2,4,4,3,4,4,5,4,3,2,1,5,3,2,3,3,4,3,0,1,0,0,0,0,0,0,0
TX52,4,4,4,3,3,3,3,3,4,3,3,4,4,4,3,4,4,4,2,2,1,3,4,4,4,3,3,3,0,1,0,0,0,0,0,0,0
TX6,4,4,4,3,2,4,3,3,3,3,3,4,5,4,3,5,5,5,4,4,1,5,5,3,3,3,4,4,0,1,0,0,0,0,0,0,0
TX72,4,4,4,3,1,3,3,1,3,1,1,3,3,3,3,3,4,3,2,2,1,4,3,3,3,3,3,3,0,1,0,0,0,0,0,0,0
TX97,4,4,4,3,2,4,3,3,3,2,2,4,4,4,3,4,2,3,4,3,1,4,4,4,4,3,3,3,0,1,0,0,0,0,0,0,0
UT20,4,4,4,2,4,3,3,2,4,4,4,4,3,3,4,3,2,4,3,2,4,4,2,3,4,3,4,4,0,0,0,0,0,0,0,1,0
UT21,4,4,4,3,4,3,3,2,4,4,3,4,4,5,3,4,2,5,3,3,3,4,5,4,5,3,4,5,0,0,0,0,0,0,0,1,0
VA32,4,4,4,3,1,3,3,4,3,3,2,3,4,4,3,3,3,5,3,3,1,3,4,4,4,1,3,3,0,1,0,0,0,0,0,0,0
WI102,4,4,4,4,1,4,4,1,1,1,1,4,4,4,3,4,2,4,1,2,1,4,4,4,3,3,3,3,0,0,0,1,0,0,0,0,0
WI2,4,4,4,4,1,4,3,1,1,1,1,3,4,4,3,3,4,3,1,2,1,4,4,3,3,3,4,4,0,0,0,1,0,0,0,0,0
WI224,4,4,4,3,1,4,3,1,1,1,1,4,4,4,3,4,5,3,1,2,1,4,4,3,3,3,3,3,0,0,0,1,0,0,0,0,0
WV6,4,4,4,3,2,3,3,4,2,1,3,4,2,4,4,3,4,3,2,3,1,3,4,4,4,3,3,3,0,1,0,0,0,0,0,0,0
AL37,5,4,4,4,3,3,3,2,4,3,2,4,4,4,3,3,5,3,4,3,1,4,4,4,4,3,3,3,0,1,0,0,0,0,0,0,0
CO23,5,4,4,3,2,3,3,1,4,2,1,5,3,4,4,4,4,3,2,2,4,3,4,4,3,3,4,4,0,0,0,1,0,0,0,0,0
ID13,5,4,4,3,4,5,4,1,2,1,1,4,5,4,5,5,5,5,4,3,1,5,4,3,3,3,2,4,1,0,0,0,0,0,0,0,0
ID8,5,4,4,3,5,5,3,1,1,1,4,5,5,4,3,4,5,5,3,3,1,4,4,3,3,3,2,4,1,0,0,0,0,0,0,0,0
LA50,5,4,4,4,4,4,3,3,4,3,1,3,4,4,4,3,3,5,2,3,1,3,3,4,4,3,3,3,1,0,0,0,0,0,0,0,0
MN21,5,4,4,3,3,3,3,3,1,1,2,4,4,4,2,2,3,3,2,2,1,2,4,4,4,3,2,2,0,0,0,0,0,1,0,0,0
PA33,5,4,4,4,3,3,3,1,2,3,3,5,5,3.3,3.9,3.8,3.5,3.5,2,2,1,5,3,3,4,4,3,3,1,0,0,0,0,0,0,0,0
TX116,5,4,4,2,5,3,2,3,1,5,3,2,3,3,3,3,1,3,2,2,1,3,3,4,4,4,2,3,0,1,0,0,0,0,0,0,0
TX207,5,4,4,4,1,4,4,3,1,1,2,5,4,3,3,4,3,3,2,2,1,4,3,3,3,3,4,2,0,1,0,0,0,0,0,0,0
AR76,3,3,4,3,3,3,3,3,1,1,1,3,3,3,3,3,1,5,3,2,1,3,3,3,3,3,3,3,1,0,0,0,0,0,0,0,0
AR81,3,3,4,3,1,4,3,3,1,1,1,4,4,3,3,3,4,5,3,2,1,3,4,4,3,3,3,3,1,0,0,0,0,0,0,0,0
AR85,3,3,4,3,1,3,2,1,1,1,1,3,3,3,3,3,1,5,3,2,1,3,3,3,3,3,3,3,1,0,0,0,0,0,0,0,0
AR90,3,3,4,3,2,3,3,2,1,4,2,3,4,4,2,4,1,5,2,3,1,4,4,4,4,1,4,4,0,1,0,0,0,0,0,0,0
CA40,3,3,4,3,3,3,3,3,1,1,1,2,3,4,3,3,1,3,1,2,4,3,3,3,3,3,2,2,0,0,0,0,0,0,0,1,0
CO17,3,3,4,5,2,2,3,1,5,1,1,4,4,3,2,5,2,4,2,4,4,4,4,3,3,1,3,3,0,0,0,0,0,0,0,1,0
CT50,3,3,4,4,1,3,3,1,3,1,1,3,3,4,3,3,1,5,3.5,3,4,4,4,4,4,3.4,2.4,2.7,0,0,0,0,0,0,0,1,0
FL159,3,3,4,3,3,3,3,1.4,2.4,1.5,3,4,4,3,3,4,3,4,3,2,1.1,4,3,3,3,3,4,4,0,1,0,0,0,0,0,0,0
IA53,3,3,4,3,3,4,3,3,3,2,1,4,4,4,3,3,4,4,2,1,1,3,3,3,3,2,3,3,1,0,0,0,0,0,0,0,0
IA56,3,3,4,3,1,2,2,1,2,1,2,3,3,3,3,3,4,4,2,1,1,4,2,2,2,2,2,4,1,0,0,0,0,0,0,0,0
ID2,3,3,4,3,4,4,3,1,1,3,1,2,3,3,3,4,4,3,2,2,1,3,3,3,3,3,2,3,0,1,0,0,0,0,0,0,0
ID64,3,3,4,4,3,3,3,1,1,3,2,2,2,3,3,3,3,2,2,2,1,4,3,3,3,2,3,3,0,1,0,0,0,0,0,0,0
IL52,3,3,4,3,2,3,3,3,2,2,2,3,3,3,3,3,2,5,2,3,1,3,4,3,3,3,3,3,0,1,0,0,0,0,0,0,0
IL78,3,3,4,3,1,3,3,1,1,1,1,3,3,3,3,3,2,4,2,3,1,4,3,3,3,1,3,3,0,1,0,0,0,0,0,0,0
KS24,3,3,4,3,1,3,3,3,3,1,1,3,3,3,2,4,3,3,4,3,1,3,3,3,3,3,3,3,1,0,0,0,0,0,0,0,0
KS52,3,3,4,3,3,3,3,3,1,3,1,3,3,3,3,2,2,3,2,2,1,3,2,3,3,3,3,3,1,0,0,0,0,0,0,0,0
KS72,3,3,4,3,1,3,3,3,4,1,3,3,4,4,3,3,1,5,3,3,1,4,4,3,3,3,3,3,1,0,0,0,0,0,0,0,0
KS76,3,3,4,3,2,3,3,3,2,2,2,2,4,3,1,4,2,4,3,2,1,3,3,4,3,3,3,3,1,0,0,0,0,0,0,0,0
KY21,3,3,4,3,2,3,3,2,3,2,2,2,3,3,3,3,3,3,3,2,1,3,3,3,3,3,3,3,0,0,0,0,1,0,0,0,0
KY22,3,3,4,3.6,2,3,3,4,4,3,1,5,3,4,3,3,5,3,3,3,1,3,4,4,3,3,2,3,0,1,0,0,0,0,0,0,0
KY28,3,3,4,3,3,3,3,3,3,3,3,4,3,3,3,3,3,4,2,3,4,3,3,3,3,3,3,3,0,0,1,0,0,0,0,0,0
KY5,3,3,4,2,3,4,2,5,1,2,1,1,3,3,4,4,3,4,1,1,1,2,2,3,4,3,2,2,0,1,0,0,0,0,0,0,0
KY9,3,3,4,4,2,3,3,2,3,2,1,3,3,3,3,3,3,3,2,2,1,3,3,3,3,3,3,3,0,0,0,0,1,0,0,0,0
MN61,3,3,4,3.2,2,4,3,1,1,1,1,3,3,3,3,3,2,3,3,4,1,3,4,4,4,2,2,2,0,1,0,0,0,0,0,0,0
MO63,3,3,4,3,2,3,2.2,1,3,2,2,4,3,4,3,4,3,4,3,2,1,4,4,4,4,2,4,4,1,0,0,0,0,0,0,0,0
MS27,3,3,4,3,1,3,3,3,3,2,1,2,3,3,3,3,1,5,3,3,2,3,3,3,3,3,3,3,0,1,0,0,0,0,0,0,0
MT42,3,3,4,4,3,3,3,1,2,3,3,3,3,3,2,3,3,4,4,1,1,3,2,3,2,3,3,3,0,0,0,0,0,0,0,0,1
NC34,3,3,4,2,2,3,3,1,1,2,1,4,3,3,2,3,3,3,3,2,3,4,2,2,2,3,3,3,0,1,0,0,0,0,0,0,0
NC37,3,3,4,2,4,3,3,1,1,4,3,4,3,2,3,3,4,2,2,2,3,4,2,2,2,3,3,3,0,1,0,0,0,0,0,0,0
NE48,3,3,4,3,2,4,2,4,3,4,1,4,3,3,3,3,3,3,3,1,1,4,2,3,3,3,4,4,0,0,1,0,0,0,0,0,0
OH47,3,3,4,2,3,3,3,4,4,2,2,3,4,3,3,3,4,3,1,1,1,3,3,3,3,3,3,3,0,1,0,0,0,0,0,0,0
OK102,3,3,4,3,1,3,3,1,4,1,1,3,3,3,3,3,2,2,2,1,2,3,3,3,3,3,3,3,0,1,0,0,0,0,0,0,0
OK142,3,3,4,3,1,3,3,1,4,1,2,4,3,3,3,3,4,3,1,2,2,2,2,3,3,3,3,2,0,1,0,0,0,0,0,0,0
SD30,3,3,4,2,2,3,3,1,2,1,1,4,4,4,3,4,2,4,2,3,1,4,4,3,3,3,3,3,0,0,0,1,0,0,0,0,0
TN40,3,3,4,3,2,3,3,3,1,2,3,4,3,4,3,3,4,3,3,3,1,3,4,4,3,3,3,3,0,1,0,0,0,0,0,0,0
TX112,3,3,4,2,1,4,3,3,1,2,1,3,4,4,2,4,4,3,3,3,1,4,4,3,2,3,4,4,0,1,0,0,0,0,0,0,0
TX279,3,3,4,3,3,3,3,4,1,1,1,3,4,4,3,4,2,4,3,3,1,4,4,2,2,4,4,4,0,1,0,0,0,0,0,0,0
VA19,3,3,4,3,2,4,4,3,3,2,4,5,4,3,5,3,5,5,4,2,1,3,2,2,2,3,2,3,0,1,0,0,0,0,0,0,0
WI32,3,3,4,4,1,3,3,4,1,3,4,4,4,4,3,4,4,5,1,1,1,2,2,3,3,3,1,3,0,0,0,1,0,0,0,0,0
WI98,3,3,4,4,2,3,2,1,1,1,1,3,3,3,3,3,1,3,1,2,1,3,3,3.1,3,3,3,3,0,0,0,1,0,0,0,0,0
WY46,3,3,4,2.3,2,3,3,4,1,1,2,4,3,4,3,4,1,4,4,3,4,3,4,4,3,3,3,3,0,0,0,0,0,0,0,1,0
WY81,3,3,4,4,5,5,2,1,4,3,1,3,3,4,5,3,3,4,2,3,2,3,5,5,4,3,4,4,0,0,0,1,0,0,0,0,0
AL12,4,3,4,3,2,3,3,1,1,1,1,5,4,4,3,3,5,3,3,3,1,4,3,3,3,3,3,3,0,1,0,0,0,0,0,0,0
AR41,4,3,4,3,2,3,3,2,1,1,1,3,4,4,3,4,3,5,2,3,1,4,4,3,3,3,4,4,0,1,0,0,0,0,0,0,0
CA196,4,3,4,3,1,4,3,1,3,1,1,4,3,3,3,4,4,4,2,3,1,3,3,3,3,3,3,3,0,1,0,0,0,0,0,0,0
CA56,4,3,4,3,3,3,3,1,1,4,4,5,4,4,5,4,5,5,4,4,1,4,4,3,4,3,3,3,0,1,0,0,0,0,0,0,0
FL161,4,3,4,3,4,3,3,1,1,3,1,4,4,4,3,3,1,5,3,4,1.8,4,4,4,4,3,3,4,0,1,0,0,0,0,0,0,0
FL74,4,3,4,3,2,3,3,1,1,1,3,3,3,3,4,3,2,3,3,2,1,4,3,3,3,3,3,3,0,1,0,0,0,0,0,0,0
IA30,4,3,4,4,2,3,3,3,1,1,1,4,4,4,3,3,2,5,4,4,1,4,4,4,4,3,3,4,0,0,0,0,0,1,0,0,0
IA47,4,3,4,4,3,3,3,5,1,1,1,4,4,4,3,3,2,4,4,2,1,4,4,4,4,3,4,4,1,0,0,0,0,0,0,0,0
ID45,4,3,4,3,1,3,3,1,3,1,1,3,3,3,3,4,1,5,4,4,4,3,3,3,3,3,2,3,0,0,0,0,0,0,0,1,0
IL18,4,3,4,4,2,3,3,2,1,1,3,4,4,3,3,4,5,4,3,2,1,4,3,3,4,3,4,4,0,1,0,0,0,0,0,0,0
IL31,4,3,4,4,2,3,4,1,2,2,1,4,4,3,2,4,4,3,2,3,1,3,5,4,4,3,4,3,0,1,0,0,0,0,0,0,0
IL76,4,3,4,3,2,4,4,1,1.5,4,2,4,4,4,3,4,3,4,2,2,1,4,4,3,3,3,3,3,1,0,0,0,0,0,0,0,0
IN14,4,3,4,3,1,2,3,2,1,1,2,4,4,4,1,4,3,5,4,4,1,3,4,4,4,3,4,3,0,0,0,0,0,1,0,0,0
KS16,4,3,4,3,2,2,2,3,1,1,1,3,3,3,4,3,3,3,2,2,1,4,4,4,4,3,3,3,1,0,0,0,0,0,0,0,0
KS17,4,3,4,3,3,4,3,3,4,5,1,3,4,4,3,4,4,3,2,4,1,2,4,4,4,3,3,3,1,0,0,0,0,0,0,0,0
KS20,4,3,4,3,4,3,3,1,1,4,1,1,4,4,3,4,1,3,3,4,1,4,4,4,4,4,4,4,1,0,0,0,0,0,0,0,0
KS35,4,3,4,3,5,3,3,1,4,4,2,3,3,3,4,4,1,3,1,2,3,3,3,4,4,3,4,3,0,0,0,1,0,0,0,0,0
KY13,4,3,4,3,3,4,4,4,5,1,1,4,3,3,4,3,4,4,1,1,1,2,4,3,3,3,3,3,0,1,0,0,0,0,0,0,0
KY37,4,3,4,4,3,3,3,4,4,2,2,4,4,3,3,4,4,3,2,3,1,3,3,4,3,3,3,3,0,0,0,0,1,0,0,0,0
LA43,4,3,4,3,1,3,3,1,1,1,1,4,4,4,3,3,3,4,3,2,2,4,4,4,3,3,3,3,1,0,0,0,0,0,0,0,0
MN119,4,3,4,3,3,3,3,1,1,1,2,3,4,4,2,3,2,3,3,4,1,4,4,3,3,3,4,4,0,1,0,0,0,0,0,0,0
MN155,4,3,4,3,1,3,3,1,1,1,1,4,4,3,2,4,1,4,3,3,1,3,4,4,3,3,3,3,0,0,0,0,0,1,0,0,0
MO23,4,3,4,4,1,3,3,3,1,1,1,4,3,4,3,3,3,4,2,3,1,3,4,4,4,2,3,3,0,1,0,0,0,0,0,0,0
MS23,4,3,4,2,1,2,2,2,1,1,1,5,5,4,3,4,5,3,2,3,1,4,4,3,4,3,3,4,0,1,0,0,0,0,0,0,0
MS29,4,3,4,3,1,2,3,3,1,1,1,4,4,4,3,3,2,2,3,3,1,4,3,3,3,3,3,3,0,1,0,0,0,0,0,0,0
MS35,4,3,4,3,2,3,3,4,2,2,1,3,3,4,3,4,3,3,2,4,1,3,4,4,3,3,3,3,0,1,0,0,0,0,0,0,0
MS47,4,3,4,3,2,3,3,3,2,2,1,3,3,4,3,4,3,3,3,3,1,3,4,4,3,3,3,3,0,1,0,0,0,0,0,0,0
MT31,4,3,4,2,3,2,2,1,5,3,1,4,3,3,3,3,1,4,3,3,4,4,4,4,4,3,3,3,0,0,0,0,0,0,0,1,0
MT33,4,3,4,3,1,2,3,1,1,1,1,3,3,4,3,4,1,4,3,2,1,4,3,3,3,3,3,3,0,0,0,0,0,0,0,1,0
MT47,4,3,4,3,1,1,3,1,4,2,4,4,4,4,5,5,2,4,4,4,4,4,4,4,4,3,3,3,0,0,0,0,0,0,0,1,0
ND55,4,3,4,3,2,3,3,3,3,2,2,4,4,3,3,3,3,3,3,3,3,4,4,3,3,3,3,3,0,0,0,1,0,0,0,0,0
NM14,4,3,4,5,4,5,2,1,4,3,1,4,4,3,4,4,5,4,1,3,4,4,4,3,3,3,3,4,0,0,0,1,0,0,0,0,0
NM15,4,3,4,4,2,3,3,2,1,2,1,1,4,4,3,5,1,1,3,4,1,4,5,2,2,3,4,4,0,0,0,0,0,0,0,1,0
NM46,4,3,4,4,3,3,2,1,3,2,1,3,4,3,3,3,3,4,3,2,4,4,2,2,2,3,3,3,0,0,0,1,0,0,0,0,0
NV34,4,3,4,3,1,5,4,3,1,1,1,4,4,4,3,4,1,3,3,2,4,4,4,4,4,3,3,4,0,0,0,0,0,0,0,1,0
OH5,4,3,4,3,3,2,3,4,3,3,2,4,3,4,2,3,5,3,3,1,1,3,2,3,4,3,3,3,0,1,0,0,0,0,0,0,0
OK55,4,3,4,3,3,3,3,3,3,3,3,4,4,4,3,4,5,3,3,3,1,4,4,4,3,3,3,3,0,1,0,0,0,0,0,0,0
OR94,4,3,4,2,4,3,2,3,1,4,2,4,4,4,4,4,4,4,3,3,4,4,4,4,3.1,3,3,3,0,0,0,0,0,0,0,1,0
PA92,4,3,4,3,2,4,3,2,3,2,2,5,3,4,3,3,3,5,2,3,1,4,4,3,3,3,3,3,0,1,0,0,0,0,0,0,0
TX17,4,3,4,3,2,3,3,2,4,2,3,4,4,4,3,4,4,3,3,2,1,3,3,3,3,3,3,3,0,1,0,0,0,0,0,0,0
TX189,4,3,4,3,2,3,3,4,1,3,1,5,5,4,3,4,5,3,4,2,1,4,3,3,2,3,3,3,0,1,0,0,0,0,0,0,0
TX271,4,3,4,2,2,3,3,3,3,1,5,2,3,3,2.1,4,2,4,2,3,4,3,3,4,3,4,2,2,0,0,0,0,0,0,1,0,0
TX45,4,3,4,2,4,3,2,1,1,1,1,5,4,4,1,4,5,5,4,4,1,4,4,4,4,3,3,3,0,1,0,0,0,0,0,0,0
TX85,4,3,4,2,1,3,3,3,3,1,1,4,3,3,3,4,5,4,2,2,1,3,3,3,4,3,3,3,1,0,0,0,0,0,0,0,0
UT10,4,3,4,4,3,4,3,1,3,4,2,1,3,4,5,3,4,3,1,2,1,3,4,4,4,1,5,3,0,0,0,1,0,0,0,0,0
VA26,4,3,4,4,1,3,3,1,1,1,1,4,4,4,3,3,3,5,2,3,1,4,4,4,4,3,4,4,0,1,0,0,0,0,0,0,0
VA38,4,3,4,3,3,3,3,1,1,3,3,2,4,4,3,4,1,5,3,3,1,4,5,4,3,3,3,3,0,1,0,0,0,0,0,0,0
VA45,4,3,4,3,2,3,3,1,4,3,2,4,3,4,2,4,5,3,2,3,1,4,4,3,3,2.5,3,4,0,1,0,0,0,0,0,0,0
VA55,4,3,4,3,1,3,3,1,3,2,3,3,4,4,3,3,3,4,3,3,1,4,4,3,3,3,5,3,0,1,0,0,0,0,0,0,0
VA6,4,3,4,4,3,3,3,1,1,2,1,4,2,3,4,3,4,4,3,2,1,4,3,3,3,2,4,4,0,1,0,0,0,0,0,0,0
VA8,4,3,4,3,2,2,2,1,3,4,4,5,5,5,1,4,1,5,3,3,1,5,5,4,4,3,1,3,0,1,0,0,0,0,0,0,0
WI257,4,3,4,2,1.2,3,3,1,1.5,1,1,3,4,4,3,4,3,4,2,2,1,4,4,4,4,3,5,4,0,0,0,1,0,0,0,0,0
WI258,4,3,4,2,3.6,4,3,1,2.2,4.5,1,3,4,5,3,4,3,4,2,2,1,4,4,4,4,3,5,4,0,0,0,1,0,0,0,0,0
WY78,4,3,4,3,3,5,4,1,2,3,1,3,3,4,3,4,4,4,3,4,1,3,4,3,4,2,3,3,0,0,0,1,0,0,0,0,0
MO44,5,3,4,2,4,2,2,1,1,3,2,3,3,4,3,3,1,4,2,1,1,4,2,2,2,4,5,4,0,0,0,0,1,0,0,0,0
NV41,5,3,4,4,3,4,4,1,5,1,3,4,4,4,3,4,1,3,2,1,1,3,2,3,3,2,3,3,0,0,0,1,0,0,0,0,0
CA2,2,2,4,3,1,3,3,1,2,1,1,2,3,3,3,3,1,4,3,2,1,2,2,3,3,3,3,2,0,1,0,0,0,0,0,0,0
OH27,2,2,4,2,3,3,3,3,1,2,1,3.2,2,2,3,3,3,5,2,2,1,4,4,3,2,3,4,3,0,1,0,0,0,0,0,0,0
ID14,3,2,4,2,4,4,2,2,3,4,3,2,3,3,3,3,2,4,2,1,1,2,3,3,3,2,2,3,0,1,0,0,0,0,0,0,0
ID33,3,2,4,4,4,4,3,3,3,4,1,4,4,3,3,3,3,3,2,3,1,3,3,3,3,3,3,3,0,1,0,0,0,0,0,0,0
KS60,3,2,4,2,4,3,3,1,5,4,2,3,3,3,3,3,3,2,1,3,1,4,4,3,2,3,3,3,0,0,0,1,0,0,0,0,0
KS68,3,2,4,2,3,3,3,3,3,1,1,2,2,2,1,2,1,4,3,2,1,3,2,3,3,3,3,3,1,0,0,0,0,0,0,0,0
KY45,3,2,4,2,3,4,3,3,4,2,1,3,4,3,4,3,3,4,3,1,1,3,2,3,3,3,4,3,0,1,0,0,0,0,0,0,0
MN145,3,2,4,2,1,3,3,1,1,1,1,2,3,2,3,3,1,3,3,1,1,3,3,3,2,4,3,3,0,0,0,1,0,0,0,0,0
NM20,3,2,4,2,4,3,3,1,1,3,1,3,3,3,3,3,3,3,2,3,1,3,3,3,3,3,3,3,0,0,0,0,0,0,1,0,0
OK167,3,2,4,2,2,3,3,1,4,1,1,4,3,3,3,3,2,4,3,2,4,4,3,3,2,1,3,4,0,0,0,0,0,0,1,0,0
OR4,3,2,4,2,4,3,2,3,3,3,2,3,3,3,3,3,3,4,2,2,4,3,3,3,3,3,2,3,0,0,0,0,0,0,0,1,0
OR88,3,2,4,2,4,3,2,3,3,4,2,3,3,2.8,3,3,4,2,2,3,4,3,3,3,2,3,2,3,0,0,0,0,0,0,0,1,0
TX291,3,2,4,2,1,2,2,1,1,1,1,3,4,2,3,3,1,5,4,1,1,4,2,1,2,4,4,4,0,1,0,0,0,0,0,0,0
VA50,3,2,4,2,4,2,3,3,3,1,1,2,3,4,3,3,1,3,3,3,1,3,4,4,3,2,2,3,0,1,0,0,0,0,0,0,0
WY11,3,2,4,2,1,1,2,1,1,1,1,1,3,3,3,3,1,5,4,3,1,4,3,2,1,3,3,3,0,0,0,0,0,0,0,1,0
WY40,3,2,4,3,2,2,2,1,4,4,1,4,4,3,3,4,2,4,3,3,4,3,3,4,3,4,4,4,0,0,0,0,0,0,0,1,0
WY9,3,2,4,2,4,3,3,1,1,4,1,4,4,4,3,4,1,4,3,3,1,3,4,3,3,3,3,3,0,0,0,0,0,0,0,1,0
CA8,4,2,4,2,1,2,2,1,1,3,1,2,4,3,4,4,1,5,4,2,1,4,2,2,2,3,3,3,0,1,0,0,0,0,0,0,0
ID71,4,2,4,4,2,5,2,1,5,3,3,3,4,4,3,4,1,3,3,3,4,4,4,4,4,3,3,3,0,0,0,0,0,0,0,1,0
IL67,4,2,4,2,1,3,3,4,3,4,4,4,4,4,3,4,5,3,2,1,1,4,2,2,2,2,4,4,0,1,0,0,0,0,0,0,0
MD7,4,2,4,3,1,3,3,1,1,3,1,5,3,3,3,3,1,4,4,4,1,5,5,3,3,3,4,4,0,1,0,0,0,0,0,0,0
NE39,4,2,4,4,1,2,4,2.5,1.8,2,1,4,5,3,2,4,2,5,2,3,1,5,3,4,5,2,4,4,0,1,0,0,0,0,0,0,0
SD28,4,2,4,4,4,4,3,1,5,4,1,5,3,3,2,4,4,3,2,2,1,4,2,2,2,2,4,4,0,0,0,1,0,0,0,0,0
WA81,4,2,4,3,1,3,2,3,1,1,1,3,4,3,4,4,1,5,3,3,2,4,4,3,2,3,2,2,0,0,0,0,0,0,0,1,0
IN18,5,2,4,5,3,4,3,2,4,1,1,4,4,4,3,4,4,5,3,3,1,5,2,2,1,5,4,4,0,1,0,0,0,0,0,0,0
ID70,2,1,4,4,5,2,2,1,1,5,1,1,1,1,1,2,2,2,4,2,1,4,2,3,2,2,4,4,0,0,0,0,0,0,0,1,0
VA17,2,1,4,2,1,2,2,1,1,1,1,2,2,2,3,2,2,4,3,2,1,2,2,2,2,3,3,3,0,1,0,0,0,0,0,0,0
NV9,4,1,4,5,1,4,4,1,4,1,1,4,4,3,3,4,2,3,3,2,1,4,4,4,3,3,3,3,0,1,0,0,0,0,0,0,0
WY59,4,1,4,1,1,1,2,1,1,1,2,2,5,5,2,5,1,5,4,4,1,4,5,5,4,3,2,3,0,0,0,0,0,0,0,1,0
IL90,4,5,5,4,1,1,1,4,1,1,1,3,4,3,3,3,5,3,3,2,1,5,4,5,4,3,4,4,0,1,0,0,0,0,0,0,0
KS11,4,5,5,2,1,4,4,2,2,1,2,4,5,4,4,4,2,5,2,2,1,4,3,2,2,3,4,4,0,0,0,0,1,0,0,0,0
KS39,4,5,5,5,2,4,3,3,3,2,2,5,4,4,4,4,4,5,3,2,1,4,4,3,3,3,4,4,1,0,0,0,0,0,0,0,0
OH19,4,5,5,4,3,4,3,5,2,3,2,4,5,4,3,3,5,4,3,2,4,5,4,3,4,3,3,3,0,0,0,1,0,0,0,0,0
OH3,4,5,5,4,2,4,4,1,5,3,2,3,4,4,3,4,2,2,1,2,1,4,4,4,3,3,3,3,0,1,0,0,0,0,0,0,0
PA41,4,5,5,4,5,3,3,1,4,3,1,4,4,4,3,4,4,3,3,4,1,4,5,5,5,2,3,3,1,0,0,0,0,0,0,0,0
TX289,4,5,5,3,1,2,3,3,1,1,1,4,4,4,4,4,1,5,3,4,1,5,5,5,5,2,5,5,1,0,0,0,0,0,0,0,0
CA75,5,5,5,4,5,5,3,1,5,5,1,5,4,4,3,5,5,5,3,3,1,3,4,4,3,3,3,4,0,1,0,0,0,0,0,0,0
ID35,5,5,5,5,3,3,3,5,5,2,3,5,5,5,3,4,1,5,3,4,4,4,4,4,5,5,3,1,0,0,0,0,0,0,0,1,0
IN22,5,5,5,3,1,2,2,2,1,4,4,5,4,4,3,3,1,4,4,4,1,3,4,3,4,3,3,3,0,0,0,0,0,1,0,0,0
MO61,5,5,5,5,2,4,3,4,1,2,2,5,4,4,3,5,5,3,2,3,1,3,3,4,4,3,3,3,0,1,0,0,0,0,0,0,0
TX138,5,5,5,5,4,3,3,2,5,3,3,5,5,3,3,3,1,5,3,1,1,5,2,2,4,3,3,2,0,0,0,0,1,0,0,0,0
TX220,5,5,5,5,1,4,4,1,5,1,1,5,5,5,1,5,5,5,4,4,1,5,5,3,4,2,5,5,0,1,0,0,0,0,0,0,0
TX242,5,5,5,5,1,5,5,1,5,1,1,5,5,5,1,5,5,5,4,4,1,5,5,4,4,2,5,5,0,1,0,0,0,0,0,0,0
TX283,5,5,5,5,1,3,3,1,1,1,2,5,5,5,2,4,1,5,4,4,1,5,5,5,4,2,5,4,0,1,0,0,0,0,0,0,0
TX284,5,5,5,5,1,3,3,1,5,1,1,5,5,5,1,5,1,5,4,4,1,5,5,3,4,2,5,4,0,1,0,0,0,0,0,0,0
TX33,5,5,5,3,5,3,3,5,5,5,4,4,4,3,3,4,1,5,3,3,2,5,3,2,3,3,4,4,0,0,0,0,1,0,0,0,0
TX68,5,5,5,5,5,4,2,1,4,5,5,3,4,4,3,4,3,5,2,3,4,4,4,5,4,5,3,4,0,0,0,0,0,0,0,0,0
WY29,5,5,5,5,1,4,4,1,5,1,1,2,2,3,5,3,1,3,4,3,4,4,3,4,4,2,3,3,0,0,0,1,0,0,0,0,0
CO51,4,4,5,2,5,3,3,3,5,5,1,4,4,4,3,4,4,3,2,2,4,3,3,3,3,4,2,2,0,0,0,0,0,0,0,1,0
IA28,4,4,5,2,2,3,3,4,1,1,1,4,4,4,3,3,4,4,3,3,1,4,4,4,4,3,3,3,0,0,0,0,0,1,0,0,0
IA59,4,4,5,4,3,5,5,1,1,3,2,5,5,4,4,5,5,4,2,1,1,4,4,4,4,5,3,4,0,1,0,0,0,0,0,0,0
IL14,4,4,5,3,1,3,3,1,4,1,1,3,5,5,3,5,5,5,3,3,1,5,5,4,4,1,5,5,0,1,0,0,0,0,0,0,0
IL70,4,4,5,3,2,4,4,1,1,1,2,4,3,4,3,4,3,4,3,3,1,5,5,3,3,3,4,4,0,1,0,0,0,0,0,0,0
KS9,4,4,5,2,5,3,2,1,5,5,3,5,4,4,5,3,3,3,3,1,4,5,5,5,5,5,3,3,0,0,0,1,0,0,0,0,0
NM29,4,4,5,4,1,4,4,2,4,2,1,2,3,5,5,4,1,3,1,4,4,3,5,5,5,4,3,3,0,0,0,0,0,0,0,1,0
OH26,4,4,5,4,2,3,3,2,4,2,2,4,4,4,3,3,5,3,2,2,1,4,4,4,4,2,4,4,0,1,0,0,0,0,0,0,0
OH42,4,4,5,4,2,4,4,4,2,3,2,5,5,4,3,3,5,2,2,3,1,5,5,4,3,2,4,4,0,1,0,0,0,0,0,0,0
OK71,5,4,5,4,3,3,3,3,3,2,1,4,4,4,3,4,4,5,3,3,1,5,4,2,3,4,3,3,0,1,0,0,0,0,0,0,0
PA66,5,4,5,4,1,3,4,3,3,1,1,5,4,4,2,4,4,2,2,1,1,5,4,4,4,3,2,3,0,1,0,0,0,0,0,0,0
NC33,3,3,5,2,2,3,2,1,1,1,1,2,3,2,1,2,2,4,3,1,4,4,1,1,2,3,3,3,0,1,0,0,0,0,0,0,0
OH17,3,3,5,2,2,4,3,5,2,4,2,4,4,4,3,4,2,3,1,2,4,5,4,3,4,3,4,4,0,0,1,0,0,0,0,0,0
TN42,3,3,5,2,1,4,2,3,4,1,1,3,3,3,3,3,4,3,2,3,1,2,3,3,3,3,3,3,0,1,0,0,0,0,0,0,0
UT9,3,3,5,4,5,3,3,1,5,5,1,2,4,3,1,3,5,4,3,4,4,3,3,3,3,1,5,5,0,0,0,0,0,0,0,1,0
VA52,4,3,5,3,3,4,3,3,2,3,2,4,3,3,3,3,5,4,3,3,1,4,3,3,3,3,4,4,0,1,0,0,0,0,0,0,0
NC83,3,2,5,1,3,3,3,3,2,5,1,4,3,2,3,2,4,4,3,1,3,4,2,2,2,3,3,2,0,1,0,0,0,0,0,0,0
MT35,4,2,5,2,1,3,2,1,4,1,1,4,3,4,5,3,2,4,3,4,2,4,5,3,3,3,3,3,0,0,0,1,0,0,0,0,0
UT19,4,2,5,2,5,3,3,2,4,5,2,4,4,4,3,4,3,3,2,2,4,3,4,4,4,3,3,3,0,0,0,0,0,0,0,1,0
OR46,5,2,5,1,2,2,1,3,1,4,3,3,5,2,3,3,1,5,1,4,4,2,3,3,2,3,2,2,0,0,0,0,0,0,0,1,0
NV22,1,1,5,1,5,2,1,1,1,5,1,2,2,3,3,1,1,5,3,2,1,2,3,3,3,2,1,1,0,1,0,0,0,0,0,0,0
NV42,2,1,5,5,1,2,3,1,4,1,3,2,2,2,3,2,1,5,3,3,1,2,2,3,3,3,4,4,1,0,0,0,0,0,0,0,0
NV6,2,1,5,5,1,1,1,1,3,1,3,1,1,3,3,1,1,1,4,1,4,1,2,3,3,3,3,3,0,1,0,0,0,0,0,0,0
CA49,3,1,5,4,1,2,2,1,1,5,1,4,3,2,3,3,5,4,3,3,1,2,3,2,2,1,2,2,0,1,0,0,0,0,0,0,0
MT25,3,1,5,1,3,2,2,1,5,3,1,3,2,4,2,2,1,2,4,3,4,4,4,3,3,3,3,3,0,0,0,0,0,0,0,1,0
NV21,3,1,5,5,1,3,3,3,3,1,1,2,3,3,3,4,1,4,3,3,4,3,3,3,2,1,1,3,0,0,0,0,0,0,0,1,0
NV30,3,1,5,5,1,3,3,1,3,1,3,3,4,2,3,4,1,5,4,2,1,4,3,3,2,3,3,3,0,1,0,0,0,0,0,0,0
OH18,3,1,5,1,4,3,3,4,2,3,2,4,2,3,3,2,4,3,2,1,1,2,3,2,3,3,2,2,0,1,0,0,0,0,0,0,0
UT16,3,1,5,5,4,4,2,1,3,5,2,4,3,4,3,4,2,1,3,4,4,3,4,4,4,2,1,1,0,0,0,0,0,0,0,1,0
MN52,4,1,5,2,1,4,2,1,4,1,1,3,4,1,3,2,5,2,3,1,1,5,1,2,1,4,4,4,0,0,0,1,0,0,0,0,0
MT21,4,1,5,2,1,2,1,1,3,1,1,4,4,3,3,4,3,3,4,3,2,5,3,3,3,3,3,3,0,0,0,1,0,0,0,0,0
MT8,4,1,5,1,4,1,1,1,5,5,1,5,4,4,3,1,3,4,2,4,4,4,5,5,5,3,3,3,0,0,0,0,0,0,0,1,0
