RESID,SHALLOW,MUDFLAT,BKWATER,CONN_BW,CONN_TR,N_STRUC,SHAL_LZ,DIST_RZ,X_NUTRI,ALGAE,SEDIMEN,SHOREER,NOCOVES,SHOREHO,SUBSTHO
AL12,2,1,1,1,1,2,2,2,1,1,1,1,1,1,1
AL13,1,0,1,0,1,1,0,2,2,0,1,1,1,1,1
AL14,0,1,3,4,4,1.211024787,1,3,1,1,4,2.515466391,5,1,2
AL15,2,2,0,0,1,0,2,2,2,1,3,3,3,3,3
AL16,0,1,3,3,3,1,0.875573696,3,1,1,2,2,3,1,2
AL17,1,2,1,1,2,1,2,1,2,1,2,1,1,2,2
AL18,4,3,3,3,3,3,1,3,2,1,3,3,3,3,2
AL19,2,1,1,1,2,3,1,1,3,2,2,2,1,2,2
AL2,0,2,1,1.403728051,3,1,1,3,3,1,3,3,2,0,1
AL20,0,1,1,1,1,1,1,2,1,2,2,2,2,1,1
AL21,1,1,1,1,1,4,1,1,1,1,1,1,1,1,2
AL22,1,1,1,1,1,2,1,2,1,0,1,1,1,2,1
AL23,1,1,1,1,1,3,1,1,1,1,1,2,1,1,2
AL24,3,4,3,3,4,2,3,4,3,1,5,4,4,3,4
AL25,0,2,1,1,4,1,1,3,1,0,4,1,2,2,2
AL27,2,2,2,2,4,3,4,3,2,2,4,3,3,3,4
AL29,1,1,1,1,1,2,1,1,1,1,1,2,1,1,1
AL3,1,1,1,0,0,1,1,0,1,0,1,1,1,3,3
AL32,2,4,2,2,3,1,2,4,2,1,4,4,4,4,3
AL33,1,1,1,1,1,2,1,2,0,0,1,1,2,1,1
AL34,3,1,1,1,1,1,2,1,2,1,3,3,2,1,1
AL35,1,1,1,1,1,2,1,1,1,1,1,1,1,2,1
AL37,3,2,3,3,3,2,3,4,4,2,4,4,4,3,2
AL39,3,3,1,1,2,3,3,2,4,3,3,3,2,3,2
AL4,1,1,1,1,0,4,1,1,1,1,1,1,1,3,3
AL45,0,0,2,4,1,2,0,3,3,1,1,1,1,1,1
AL46,1,1,1,1,1,1,1,1,1,1,1,1,2,1.984647489,2
AL47,1,1,1,1,2,2,1,1,0,0,2,1,1,1,1
AL48,1,1,1,2,2,3,1,1,1,2,2,1,1,2,1
AL6,1,1,2,2,3,2,1,3,2,1,4,4,4,3,4
AL7,1,1,2,3,3,4,2,4,4,2,4,4,4,4,4
AL8,2,2,0,0,2,0,2,2,2,1,3,3,2,2,1
AL9,3,1,1,1,4,4,3,4,2,1,4,3,1,4,3
AR10,2,4,1,1,1,3,4,1,1,1,2,1,2,2,2
AR11,1,0,2,2,2,1,1,1,0,0,1,1,1,1,1
AR12,0,0,0,0,0,5,0,1,0,0,0,1,0,2,1
AR13,4,2,4,4,5,1,4,0,3,1,2,2,1,1,1
AR14,1,1,2,2,0,3,1,4,1,1,2,1,2,3,3
AR15,0,3,3,3,2,3,3,3,2,2,4,3,3,2,2
AR16,2,2,1,1,1,2,1,1,2,1,2,2,2,1,2
AR18,3,4,3,4,4,1,3,4,4,4,4,4,3,3,2
AR19,1,2,4,4,3,3,2,4,3,1,3,3,3,2,2
AR2,4,2,2,4,3,1,2,2,2,1,5,4,5,4,4
AR20,1,1,2,2,1,3,1,2,1,1,1,2,1,2,1
AR21,2,1,3,3,2,2,2,1,1,1,1,2,2,2,2
AR23,1,0,0,0,0.121223909,1,0,0,2,3,2,1,1,1,1
AR28,1,0,0,0,0,0,0,1,1,1,0,1,0,0,0
AR29,1,2,3,3,3,3,1,3,2,1,4,4,3,4,3
AR3,1,0,3,3,1,3,1,4,1,0,1,1,1,3,2
AR30,4,3,0,0,1,1,4,2,2,1,4,2,0,1,4
AR31,1,1,1,0,0,0,1,2,4,3,1,1,1,1,1
AR34,1,0,1,1,0,4,1,2,1,0,1,1,0,0,0
AR38,1,0,1,1,1,1,1,1,1,0,1,1,1,2,2
AR4,2,2,2,2,2,1,2,1,1,1,1,1,0,1,1
AR40,1,1,1,1,1,2,1,1,1,1,1,1,1,1,1
AR41,2,1,3,3,1,2,2,4,1,1,1,1,2,4,4
AR42,1,1,1,2,1,3,1,1,1,1,3,2,3,2,2
AR43,1,3,3,3,3,2,1,4,3,1,3,3,3,3,3
AR44,1,1,1,1,1,1,1,1,2,1,1,1,1,1,1
AR45,3,3,1,1,1,0,4,3,1,1,5,2,1,0,1
AR46,1,1,1,1,1,1,3,1,1,1,2,1,1,1,1
AR47,1,1,3,3,1,4,1,3,1,1,1,2,1,3,3
AR48,1,3,0,0,0,2,2,0,2,0,0,0,0,0,0
AR49,1,0,1,0,0,0,0,1,2,0,1,1,1,1,0
AR5,0,0,1,1,0,2,0,3,2,1,2,3,1,1,1
AR50,1,1,1,1,1,1,1,0,1,0,1,1,1,1,1
AR51,4,1,3,3,0,3,4,1,1,1,1,1,1,1,1
AR52,0,0,2,1,1,4,0,1,0,0,2,2,2,1,1
AR53,1,1,1,1,1,1,1,1,1,1,1,1,1,1,1
AR54,1,1,4,4,1,4,1,3,1,1,1,2,2,3,2
AR55,1,0,1,1,0,1,1,2,1,0,2,1,1,1,1
AR56,1,1,1,1,1,2,1,2,1,1,1,2,1,1,1
AR57,4,4,1,1,1,3,3,2,2,2,4,2,4,3,3
AR6,1,0,1,0,0,1,1,1,1,0,1,1,0,1,1
AR60,1,1,4,4,1,4,1,1,1,1,1,1,2,1,2
AR61,3,3,0,0,2,1,3,1,3,0,3,1,2,1,2
AR62,1,1,1,1,1,2,1,1,1,1,1,3,1,2,2
AR64,2,1,1,1,1,2,4,3,1,1,3,2,4,3,3
AR65,1,1,0,0,0,2,1,2,1,0,1,2,1,2,2
AR68,1,1,3,0,0,1,1,1,1,1,3,1,3,1,1
AR71,2,2,2,3,2,2,1,2,2,1,1,2,3,2,2
AR72,1,1,0,0,1,2,1,0,1,1,1,1,0,0,0
AR73,3,3,1,1,1,1,3,1,3,0,3,2,1,1,1
AR74,0,0,0,0,0,5,0,1,0,0,0,1,0,2,1
AR76,0,0,0,0,1,2,1,1,1,1,1,1,0,1,1
AR77,1,1,1,1,1,1,1,1,1,1,1,1,1,1,1
AR78,1,1,3,3,1,3,1,3,1,1,1,2,2,2,1
AR8,4,4,1,0,0,2,4,0,0,0,4,1,0,0,0
AR80,2,2,0,0,0,0,1,1,1,0,1,2,0,0,1
AR81,1,1,1,1,1,1,1,1,1,1,1,1,1,2,2
AR83,5,1,4,4,1,2,4,1,1,1,4,1,3,1,1
AR84,2,2,4,4,1,3,2,1,1,1,1,2,1,1,2
AR85,1,1,1,1,0,3,1,1,1,1,1,1,1,2,1
AR86,3,2,1,2,2.32267806,1,2,2,0,1,3,2,4,3,4
AR87,0,1,0,2,3,2,1,4,3,1,4,3,4,4,4
AR89,2,1,3,3,1,2,1,4,3,1,1,4,1,4,4
AR9,1,1,2,2,1,1,1,2,1,1,2,2,1,2,2
AR90,1,0,0,0,0,1,1,1,2,1,1,1,0,0,0
AR91,0,0,1,1,0,1,0,1,0,0,1,1,1,1,1
AZ20,1,4,4,4,4,2,1,1,1,4,5,4,5,4,4
AZ24,0,0,0,0,0,4,0,0,1,0,5,2,2,0,1
AZ5,0,0,0,0,0,0,0,0,0,0,0,0,0,0,0
CA100,0,0,0,0,2,4,0.92581517,1,2,1,3,3,3,3,2
CA11,2,3,2,1,1,2,3,4,1,2,1,1,1,1,1
CA129,2,4,4,4,4,2,2,2,4,4,3,3,3,3,3
CA141,4,4,2,2,2,2,3,2,4,5,3,2,3,3,3
CA149,3,0,0,0,0,2,0,4,2,1,1,1,1,3,3
CA152,1,1,1,1,1,1,1,3,1,1,1,1,1,1,1
CA157,2,4,1,1,1,4,4,1,1,1,1,1,1,1,1
CA158,1,1,3,3,2,3,1,1,2,3,3,3,3,3,3
CA165,1,2,1,1,1,3,3,2,2,1,2,2,2,3,4
CA166,2,1,1,1,1,2,3,2,1,1,1,1,2,2,2
CA185,0,0,0,0,0,2,1,1,1,0,0,0,0,2,2
CA186,5,4,2,2,2,3,4,3,3,4,2,1,1,2,2
CA196,1,3,3,3,4,4,1,2,4,1,4,3,2,1,1
CA197,2,2,2,2,2,1,2,2,2,3,2,2,2,2,2
CA2,1,0,1,5,3,4,1,1,1,1,2,2,2,1,3
CA214,1,3,1,1,0,4,1,2,1,1,1,1,1,1,1
CA217,2,2,1,1,1,2,2,3,4,4,2,3,2,2,2
CA218,0,0,0,0,0,3,3,3,0,1,1.305496319,2.07019078,1.425977332,2.770009267,2.681474284
CA226,2,0,0,0,0,3,1,2,2,1,1,1,1,1,1
CA23,5,4,4,4,3,4,4,2,2,2,2,1,1,2,2
CA233,2,1,2,2,2,4,2,0,1,2,3,2,3,2,2
CA244,0,2,3,2,2,3,2,1,3,3,3,4,2,4,3
CA245,1,1,1,1,1,3,1,1,1,2,2,3,3,2,2
CA248,2,2,1,1,1,3,1,2,2,2,2,1,3,4,2
CA25,1,2,0,0,1,1,1,2,1,1,1,1,1,2,2
CA259,5,4,0,0,2,3,3,2,4,4,3,2,2,4,4
CA272,1,1,1,1,1,3,2,2,3,2,2,2,2,3,3
CA28,1,1,1,1,1,2,1,1,1,1,1,1,1,1,2
CA282,3,2,2,1,1,3,3,5,1,1,1,2,1,3,3
CA29,2,1,1,1,1,2,2,3,0,1,1,1,1,1,1
CA291,2,1,4,4,3,4,2,1,1,0,2,1,2,1,1
CA299,1,1,1,0,0,4,1,3,1,0,1.136465833,1.411035715,0.722460306,2.053458475,1.7460538
CA3,3,2,0,0,1,3,3,1,1,1,1,2,1,3,3
CA30,1,1,1,1,1,1,1,1,1,1,2,2,3,1,3
CA36,0,0,0,1,2,0,0,1,0,0,1,1,1,1,1
CA40,2,1,1,1,1,2,1,3,1,1,1,1,1,1,1
CA43,3,4,4,4,2,5,4,2,1,1,1,1,1,1,1.431911575
CA44,1,1,2,1,1,1,1,1,1,1,1,1,1,1,1
CA46,1,1,1,1,1,1,1,1,1,1,1,1,1,1,1
CA47,1,1,1,1,1,1,1,1,1,1,1,1,1,1,1
CA49,0,1,2,1,0,4,1,2,1,2,1,1,1,4,4
CA51,1,1,1,1,3,1,1,2,1,1,1,1,4,1,1
CA52,1,1,1,1,2,3,2,2,2,3,4,1,4,1,1
CA56,3,2,2,2,4,2,2,5,5,5,3,1,2,3,2
CA64,4,4,3,3,3,4,4,3,4,4,3,2,2,3,3
CA67,1,2,4,3,1,4,2,2,2,0,3,2,1,1,1
CA68,5,4,0,0,0,4,4,4,3,3,4,2,3,3,3
CA72,3,2,2,2,2,3,3,2,1,2,3,2,2,4,4
CA74,2,1,1,1,1,2,2,1,2,1,4,2,3,2,1
CA75,1,1,0,0,0,2,1,1,1,2,1,3,2,3,3
CA8,1,2,1,1,1,1,1,1,1,2,2,2,2,2,2
CA82,4,4,3,3,3,4,3,2,2,3,4,3,2,3,3
CA92,1,3,3,3,3,1,2,1,2,2,4,4,4,4,4
CO117,0,1,4,4,0,3,0,1,0,0,0,0,0,0,0
CO148,0,0,1,1,2,2,0,0,0,0,2,2,2,2,2
CO166,0,0,0,0,0,1,0,0,0,0,0,1,0,0,0
CO17,1,2,1,1,1,4,1,2,0,1,1,2,2,4,4
CO189,0,0,1,1,0,1,0,1,0,0,1,1,1,1,1
CO23,1,0,3,2,0,3,1,1,2,1,1,1,2,1,2
CO26,0,1,0.483529529,0.409620855,0,1,0,1,0,0,1,1,2,1,1
CO34,0,0,2,2,1,1,0,1,0,0,1,1,1,1,1
CO51,0,0,1,1,1,1,0,0,0,0,0,0,1,0,1
CT31,4,3,1,1,1,1,4,1,2,1,1,1,1,1,1
CT38,4,0,0,0,0,0,4,2,2,1,1,1,1,1,1
CT42,4,2,1,1,1,2,5,3,4,1,3,2,1,1,1
CT50,1,1,1,1,1,2,1,1,1,1,1,1,1,1,1
CT54,0,2,4,1,1,3,1,1,4,3,1,2,1,1,1
CT56,1,1,4,1,1,4,1,1,4,1,1,1,1,1,2
CT6,0,0,4,3,0,1,1,3,3,1,0,2,3,2,1
CT60,4,1,1,1,1,1,3,2,1,1,1,1,1,1,1
CT7,3,3,3,1,1,2,1,1,1,1,1,1,1,1,1
FL110,0,1,1,1,1,1,3,2,3,1,2,1,2,2,2
FL12,1,0,4,3,1,3,1,1,4,2,0,3,1,0,0
FL157,4,0,1,0,0,4,3,2,1,0,2,1,2,3,2
FL158,0,0,0,0,0,1,1,1,1,1,1,1,1,1,1
FL159,4,3,2,2,2.140326763,1,4,3,5,2.287154966,4,2,3.102799265,2.548208798,3
FL160,3,1.92255276,0,0,0,4,3,0,0,1,2,1,2,1,2
FL161,1,1,3,1,1,3,1,4,4,2,3,4,2.45404011,3.300611356,3.051877946
FL4,5,0,0,3,2.239624558,3,3,1,0,0,0,0,5,0.975365481,0
FL74,0,0,0,0,0,1,0,1,0,0,0,1,0,2,2
GA15,0,1,3,1,1,1,0,1,0,0,1,1,1,1,1
GA16,0,0,0,0,0,5,1,5,0,0,1,2,2,5,2
GA21,4,4,3,3,2,3,3,3,3,1,4,3,4,4,4
GA23,4,4,1,1,1,4,4,3,2,1,4,4,3,2,3
GA27,0,1,1,1,1,2,0,2,0,0,1,1,1,1,1
GA29,3,1,1,1,1,3,1,1,1,4,4,2,2,3,3
GA37,1,1,2,1,1,1,1,1,0,1,1,1,1,1,1
GA42,1,1,2,2,3,2,1,4,1,1,3,2,2,3,3
GA48,1,3,1,1,2,1,1,4,3,4,3,1,4,4,2
GA51,1,1,0,0,0,5,1,4,0,0,1,1,1,4,1
GA54,3,1,0,0,0,5,1,3,0,0,1,1,0,2,1
GA56,0,0,5,0,3,3,1,2,0,0,2,3,2,2,2
GA74,1,1,1,1,1,2,1,4,1,2,2,3,2,3,2
GA79,1,1,2,2,2,1,1,1,1,1,1,1,1,1,1
GA81,0,0,5,0,1,4,1,0,0,0,1,1,1,1,1
GA90,0,0,5,0,0,4,0,2,0,0,0,1,0,1,0.965906254
GA92,5,5,0,0,0,1,4,1,0,1,2,1,3,2,2
GA93,2,2,1,1,1,2,1,2,1,1,1,3,4,3,3
IA10,3,5,4,1,2,4,4,5,5,3,5,5,5,5,5
IA14,1,1,2,2,2,4,3,5,5,4,5,4,5,4,4
IA15,4,3,4,1,1,3,4,1,5,5,5,2,5,3,3
IA16,3,2,4,2,2,3,1,3,5,3,5,2,3,2,4
IA18,2,1,1,1,1,2,1,1,5,3,3,2,1,2,3
IA19,4,5,4,4,2,4,4,3,4,1,4,3,3,4,4
IA2,4,4,1,1,2,3,4,1,4,5,4,4,4,3,4
IA20,5,4,1,1,3,4,5,4,5,4,5,2,3,3,4
IA21,4,3,4,4,2,3,4,3,4,2,4,3,3,3,3
IA22,3,2.355687749,0,0,0,3,3,2,5,1,5,3,4,1,1
IA23,4,4,4,1,1,4,3,1,5,4,4,3,4,3,4
IA24,1,1,2,2,1,2,1,2,5,3,5,4,4,4,4
IA25,1,0,0,0,0,2,0,4,5,1,4,4,3,2,2
IA28,1,2,1,0,0.650461144,1,1,0,3,1,1,2,2,1,1
IA29,3,3,2,1,1,3,3,2,4,3,5,4,4,3,3
IA30,2,3,0,0,0,2,3,2,4,3,3,1,2,2,2
IA31,4,3,4,1,1,2,4,1,5,5,3,5,3,5,5
IA32,3,2,1,1,1,2,3,3,5,4,5,4,4,4,4
IA35,4,2,4,5,2,3,4,4,5,3,5,5,5,5,4
IA36,3,1,4,5,2,3,4,3,5,3,5,5,5,5,5
IA37,4,3,5,5,2,4,3,5,5,3,5,4,5,4,4
IA38,3,3,4,4,1,2,3,5,5,2,4,3,3,4,3
IA39,1,1,3,3,1,4,2,4,4,2,5,4,5,2,3
IA4,2,4,3,3,4,3,2,5,5,5,5,3,4,2,2
IA40,1,1,4,4,2,3,1,5,4,1,5,4,3,2,3
IA41,0,1,5,5,1,3,1,4,3,1,5,4,3,2,2
IA42,4,4,4,4,4,4,3,5,5,1,5,5,5,5,5
IA46,2,2,1,1,1,3,1,2,3,3,2,4,3,4,3
IA47,1,1,3,3,2,3,2,2,4,2,4,5,5,5,5
IA49,3,3,3,3,3,2,2,4,5,3,5,5,5,4,4
IA5,1,2,3,3,3,2,1,5,4,5,5,4,5,4,4
IA50,5,5,5,5,5,4,4,4,5,5,5,4,5,3,3
IA51,4,4,5,5,4,5,3,5,5,4,5,5,5,5,5
IA52,1,1,1,1,1,1,1,1,3,3,1,1,1,2,2
IA53,3,2,1,1,1,3,3,1,4,4,2,3,2,3,3
IA54,2,3,2,1,2,3,3,1,3,4,2,2,2,3,3
IA56,3,3,2,1,2,1,2,1,4,3,3,3,3,2,2
IA58,3,1,1,1,2,3,3,3,5,3,5,4,4,4,4
IA59,3,1,1,1,1,3,1,4,4,4,5,4,4,4,4
IA6,0,0,1,1,1,0,0,0,1,1,3,1,1,1,1
IA9,3,3,3,3,3,3,1,4,5,3,5,4,5,4,4
ID11,2,3,1,1,1,1,2,4,1,1,1,2,1,1,1
ID13,1,1,1,1,1,1,1,2,4,2,2,2,2,1,1
ID14,0,0,0,0,1,0,0,1,1,1,2,2,1,1,1
ID16,4,3,0,0,1,4,4,3,2,1,4,4,1,3,4
ID2,1,1,2,2,2,3,1,3,1,1,0,5,3,4,4
ID21,2,4,1,1,0,4,4,0,5,5,1,1,1,4,4
ID27,2,2,0,1,1,3,2,1,1,2,1,1,1,1,1
ID28,1,1,1,1,1,2,1,1,1,1,0,0,0,2,1
ID3,1,1,1,1,1,2,1,1,1,1,3,1,1,1,1
ID33,0,0,0,0,0,0,0,0,2,1,0,0,0,1,1
ID35,1,1,1,1,1,1,1,1,2,2,1,1,1,2,1
ID38,1,1,1,1,1,3,1,1,5,4,3,2,1,1,1
ID4,4,4,1,1,0,1,3,1,3,3,1,1,1,2,2
ID44,0,0,0,0,1,0,0,0,0,1,1,1,1,1,1
ID45,0,2,1,3,1,1,2,1,1,1,1,1,1,2,2
ID46,1,2,1,1,1,3,1,1,2,3,4,1,1,1,1
ID48,4,4,1,1,1,3,3,5,3,3,4,4,1,5,4
ID51,4,3,0,0,0,3,4,3,2,2,3,3,1,3,3
ID59,4,4,0,0,0,3,4,4,3,3,2,3,1,1,3
ID64,0,0,0,0,0,0,0,2,2,1,1,3,2,2,2
ID70,1,1,1,1,1,0,0,0,0,0,0,0,0,0,0
ID71,1,1,1,1,1,4,1,3,4,4,3,1.85473322,1,1,1
ID76,2,2,1,1,2,0,4,1,5,1,1,1,4,1,4
ID77,1,1,1,1,1,0,0,0,1,1,0,0,0,0,0
ID8,1,1,1,1,2,1,1,1,4,3,2,1,1,1,1
ID81,2,1,1,1,1,1,2,1,3,2,2,1,1,2,2
ID82,0,0,0,0,3,0,0,1,0,1,0,2,1,1,3
ID83,1,1,1,1,1,1,1,2,1,2,1,1,1,1,1
IL10,5,5,3,3,1,4,4,2,5,1,5,5,5,5,5
IL104,2,3,1,1,2,3,2,3,2,1,4,3,2.95889093,3,3
IL108,4,3,1,1,1,3,4,3,3,2,5,5,4,4,4
IL14,0.232225893,0,0,0,0,0,0,0,0,0,2,2,0,0,0
IL16,4,2,0,0,0,4,2,1,4,3,4,5,5,4,3
IL18,1,1,2,2,1,1,1,1,3,2,2,2,2,1,1
IL30,3,2,1,1,1,4,1,4,4,4,4,3,4,3,4
IL31,1,1,0,0,0,3,2,3,2,1,2,1,3,4,2
IL34,3,2,1,1,1,3,4,2,4,3,4,5,4,4,4
IL36,3,1,1,1,1,3,2,3,4,2,4,3,4,4,4
IL41,0,0,0,0,0,0,0,0,0,0,3,3,0,0,0
IL42,3,2,0,0,0,3,2,4,5,3,4,4,3,3,3
IL43,4,4,1,1,1,2,4,1,3,3,5,3,4,3,3
IL45,1,1,0,-0.172082407,0,3,0,0,3,1,3,3,4,3,4
IL48,4,4,5,5,4,5,4,5,5,4,5,3,5,4,5
IL49,0,0,1,0,0,0,0,2,1,1,3,3,3,0,0
IL50,4,4,3,3,3,2,4,4,4,3,4,4,4,3,3
IL51,5,5,5,5,4,4,5,5,5,2,5,4,5,4,5
IL52,1,1,0,0,0,1,1,0,2,0,2,1,1,1,1
IL55,2,2,5,5,3,1,1,2,5,1,5,5,5,5,5
IL57,3,3,0,0,0,3,3,5,5,2,5,3,2,1,1.786102705
IL59,2,1,0,0,0,3,2,2,5,1,3,5,3,3,3
IL6,2,2,3,3,3,2,2,2,3,3,3,4,3,4,4
IL65,5,5,0,0,0,3,5,0,5,2,5,5,5,5,0
IL67,1,1,4,4,2,1,1,5,1,1,4,5,4,5,5
IL70,2,2,3,3,3,1,2,2,3,2,2,3,2,3,3
IL72,1,1,1,1,0,2,1,2,2,2,4,2,4,2,4
IL76,3,2,3,3,3,1,3,2,4,4,4,4,3,3,3
IL77,5,5,5,5,5,3,5,5,5,3,5,5,5,5,5
IL78,0,0,0,0,0,0,0,0,0,3,0,0,0,0,0
IL79,0,0,5,5,0,3,0,0,2,3,1,2,0,5,4
IL80,0,0,0,0,0,0,0,0,0,0,1,0,0,0,0
IL82,3,3,2,2,2,3,4,0,1,1,4,5,4,5,5
IL84,1,1,3,3,2,3,3,2,4,2,2,3,2,4,4
IL86,0,0,0,0,0,2,2,0,2,0,1,3,2,0,0
IL88,3,3,3,3,3,3,3,3,3,2,3,4,2,3,3
IL90,2,0,0,0,0,3,1,3,3,0,4,3,2,5,5
IL99,4,3,3,3,3,3,3,4,4,3,4,4,3,4,4
IN10,4,4,3,3,3,3,2,2,3,3,4,2,2.767730248,2,2
IN14,2,1,2,2,2,0,1,1,3,1,3,2,3,1,1
IN18,3,4,0,0,0,1,2,2,3,1,4,2,3,0,0
IN20,3,3,3,4,2,4,3,3,4,4,2,4,2,3,4
IN22,4,3,0,0,1,2,2,0,4,1,2,0,1,0,1
IN23,4,4,4,3,1,4,4,1,4,4,5,5,3,3,4
IN27,0,1,3,4,2,0,1,0,1,1,2,3,2,1,1
IN30,2,2,1,0,1,2,2,1,4,3,4,3,4,2,3
IN32,4,1,1,1,1,4,4,4,4,4,3,2,4,3,4
IN37,3,1,2,3,2,4,3,3,3,3,4,3,3,3,3
IN40,4,4,3,2,2,4,3,1,4,3,4,4,1,4,4
IN41,2,2,1,1,1,2,1,1,1,1,1,2,1,2,1
IN46,1,1,1,1,1,2,1,4,1,2,5,2,3,4,4
IN47,1,1,0,0,0,2,1,4,3,1,3,2,2,3,3
IN49,2,1,0,0,0,0,1,2,4,1,2,2,1,0,0
IN5,1,2,1,1,2,2,0,1,4,0,4,3,1,1,1
IN50,0,0,1,1,1,1,0,0,2,1,2,1,2,1,1
IN54,3,4,3,2,1,4,4,1,4,4,4,4,2,4,3
IN6,2,3,1,1,3,5,4,1,3,1,4,2,3,2,2
IN64,2,2,1,2,2,4,4,3,5,3,4,2,2,3,4
IN7,1,1,1,1,1,3,1,1,1,1,2,2,2,2,2
IN8,5,5,4,3,2,4,5,2,5,4,4,4,4,4,4
KS10,0,0,4,1,1,2,1,1,4,3,4,4,3,3,3
KS11,1,1,2,2,1,1,1,1,1,2,1,3,1,1,2
KS12,0,1,2,2,2,2,1,1,2,1,4,3,3,2,2
KS13,0,0,2,2,0,0,0,0,1,1,1,1,1,1,1
KS16,1,1,1,1,2,2,2,1,1,2,1,3,1,3,3
KS17,0,1,3,2,1,2,1,1,2,1,4,4,4,4,3
KS18,4,5,3,3,2.717037514,1,3,4,4,1,4,2,3,3,3
KS2,1,0,1,1,1,1,1,1,2,1,2,3,1,2,2
KS20,3,3,3,3,3,2,2,2,1,1,4,3,4,4,4
KS21,1,4,2,1,1,2,1,3,4,4,5,5,5,3,3
KS24,0,1,1,1,1,1,0,1,1,1,1,2,1,1,1
KS25,0,0,4,0,0,1,0,0,0,1,1,3,1,2,2
KS26,5,5,0.712402784,0,0,5,5,4,3,1,5,5,5,5,5
KS28,2,2,1,1,1,3,3,1,3,1,3,3,2,1,2
KS29,1,1,2,3,2,1,2,4,2,1,1,2,1,2,1
KS30,0,0,1,0,0,2,2,1,1,1,1,3,1,2,1
KS31,5,2,4,4,5,5,5,5,2,1,5,4,5,5,4
KS35,4,4,1,1,1,4,4,1,5,5,5,5,5,3,4
KS36,5,5,1,1,2,3,3,2,4,2,5,2,4,3,3
KS37,3,2,2,2,2,3,2,3,5,5,2,3,3,3,3
KS39,1,2,3,3,0,2,1,1,1,2,2,3,3,3,3
KS4,1,0,0,0,1,0,1,1,1,1,2,3,1,2,1
KS40,1,1,1,1,1,3,1,4,5,5,2,2,1,1,3
KS42,2,2,1,1,1,4,4,1,5,5,3,4,1,1,3
KS45,1,1,3,3,0,0,1,2,2,1,0,0,0,0,0
KS46,5,5,2,2,2,4,4,2,3,2,4,4,4,3,3
KS47,3,4,1,1,1,3,3,3,4,4,5,5,5,5,5
KS48,2,1,2,2,2,2,1,1,2,1,2,2,1,1,1
KS5,1,1,1,1,1,1,1,1,2,1,1,2,1,1,1
KS50,2,1,3,1,3,2,2,1,1,1,3,3,3,2,3
KS52,2,2,1,1,2,3,2,3,1,2,4,4,4,4,3
KS54,1,1,3,1,1,1,1,1,3,1,4,4,3,3,3
KS55,4,4,2,2,2,2,3,3,1,1,4,4,4,4,3
KS56,0,1,1,1,2,2,1,1,2,1,4,3,2,2,2
KS58,1,2,3,3,2,1,2,1,1,1,2,2,3,2,2
KS60,1,1,1,1,1,3,1,0,1,0,1,1,1,1,1
KS61,1,1,0,0,0,3,0,3,1,1,1,1,1,1,1
KS63,1,1,1,1,0,1,1,1,1,1,1,1,1,1,1
KS64,1,1,1,0,1,2,1,1,1,1,1,1,1,1,1
KS65,4,4,4,3,2,2,4,3,4,0,3,3,2,4,4
KS66,0,0,1,0,0,2,1,2,2,1,0,2,0,1,0.990480748
KS68,3,1,1,1,1,2,1,1,2,0,2,1,3,1,3
KS69,3,3,1,1,1,3,2,2,1,1,3,3,3,3,3
KS7,0,1,4,4,3,0,0,3,1,1,3,2,1,1,1
KS70,4,4,1,1,1,3,3,1,1,1,4,2,5,2,2
KS71,5,5,1,2,2,2,5,4,5,5,5,1,3.919315559,4,4
KS72,3,2,1,1,2,3,2,4,4,4,3,3,2,3,3
KS73,3,1,2,2,1,4,2,3,5,5,4,2,3,3,3
KS74,4,1,2,2,3,4,2,3,3,2,3.491790634,2.745830363,3.080316531,2.767224355,2.629509192
KS75,2,2,2,2,1,3,2,2,3,2,3,2,2,2,2
KS76,1,1,2,2,2,2,1,5,3,1,3,3,3,4,3
KS8,0,0,0.224142707,0,0,3,0,4,3,1,5,5,3,3,3
KS9,3,3,2,2,0,5,4,4,4,2,5,5,4,4,4
KY10,4,3,4,4,4,4,3,1,3,1,5,3,4,3,4
KY11,1,1,1,1,1,3,1,4,4,3,1,2,1,3,3
KY12,0,0,3,3,0,1,0,2,1,1,1,1,0,2,1
KY13,2,2,3,3,4,4,2,0,1,1,4,2,4,2,3
KY14,0,1,3,1,2,5,1,1,1,0,4,1,1,1,2
KY15,1,3,2,1,1,3,1,2,1,0,2,2,2,1,1
KY16,1,1,3,3,2,3,0,3,2,0,3,4,2,3,3
KY17,0,0,3,3,1,2,0,3,1,0,3,3,1,3,2
KY18,1,1,2,1,1,4,1,2,2,0,2,2,0,1,2
KY19,1,1,2,1,1,4,1,2,2,0,3,2,0,1,3
KY2,0,3,0.901334269,1,3,3,3,2,0,0,4,2,5,3,4
KY20,1,1,2,0,0,4,1,2,2,0,2,2,0,1,2
KY21,1,1,4,4,3,3,3,4,3,2,3,3,3,3,3
KY22,3,3,2,2,2,2,2,3,4,2,4,3,3,3,3
KY23,0,0,3,3,3,2,0,4,2,0,3,3,3,3,2
KY24,2,4,2,2,2,4,2,1,2,1,3,4,4,4,4
KY25,0,0,1,1,1,3,1,2,1,0,3,2,0,2,3
KY26,0,1,1,1,1,3,1,2,1,0,3,1,1,1,1
KY27,0,1,1,1,1,2,0,1,1,0,3,1,0,1,1
KY28,1,1,1,1,1,1,1,2,1,0,2,1,1,1,1
KY29,1,1,3,3,3,1,1,3,2,2,3,3,3,2,2
KY3,0,4,1,1,1,5,1,1,2,0,1,2,1,3,3
KY30,1,1,3,2,2,1,1,2,1,2,3,2,2,2,2
KY31,1,1,3,2,2,2,1,2,2,1,2,2,1,2,2
KY32,1,1,3,2,2,2,1,2,2,1,2,2,2,2,2
KY33,1,1,3,2,2,1,1,3,1,2,2,2,2,2,2
KY35,0,0,0,0,1,3,0,0,0,0,1,1,1,0,0
KY37,0,1,1,1.233998976,2,3,3,3,3,2,3,3,3,3,3
KY38,2,3,4,3,2,1,1,1,1,1,2,1,1,1,1
KY39,1,1,4,4,3,3,3,3,2,1,3,3,3,3,3
KY4,1,1,2,2,2,4,2,1,1,1,1,1,1,2,1
KY40,0,0,2,2,1,1,0,4,1,0,2,1,0,3,1
KY41,0,2,3,3,3,2,2,3,2,2,3,3,3,3,3
KY42,0,4,3,3,0,4,0,3,1,0,1,1,0,1,2
KY43,1,1,1,1,2,4,2,3,2,1,4,4,4,3,3
KY44,1,1,1,1,2,4,2,3,2,1,4,4,4,3,3
KY45,1,1,2,2,3,3,1,1,1,1,3,1,2,1,2
KY46,3,4,0,0,1,3,4,3,3,1,3,3,3,2,3
KY47,0,3,3,3,0,4,0,2,1,0,2,2,1,1,1
KY48,2,3,1,1,1,2,2,1,5,4,4,4,3,3,3
KY49,3,3,2,2,1.949278176,3,2,4,4,3,4,5,3,4,4
KY5,3,4,5,4,4,4,3,1,1,1,5,1,3,1,3
KY50,0,0,0,0,1,3,0,1,0,0,1,1,1,1,1
KY51,0,0,0,0,0,1,1,1,0,0,1,1,0,1,1
KY52,2,3,2,2,3,3,2,1,2,1,4,1,2,1,3
KY6,1,1,4,4,3,4,1,5,2,1,3,4,3,3,3
KY7,3,3,4,3,4,3,2,2,0,1,4,1,3,1,3
KY77,0,0,0,0,0,0,0,0,0,0,1,0,0,0,0
KY8,0,0,0,0,1,1,0,0,0,0,3,2,2,1,1
KY9,1,2,3,3,3,3,3,1,2,2,3,2,3,3,3
LA12,1,0,0,0,1,1,2,2,3,0,3,1,4,1,2
LA13,3,4,1,4,4,1,4,2,5,4,5,4,4,4,5
LA14,0,0,2,0,0,0,0,2,0,0,2,2,1,0,1
LA15,2,1,1,2,2,5,2,3,1,2,1,2,3,2,2
LA17,0,0,2,2,1,0,0,2,2,1,1,1,0,1,1
LA18,0,1,2,0,0,0,1,0,2,1,1,1,1,1,1
LA2,4,3,3,3,0,1,1,4,5,1,5,3,2,3,2
LA20,1,0,0,0,1,3,0,0,0,0,1,1,1,0,1
LA23,5,3,2,3,3,3,5,2,2,2,3,2,5,4,4
LA24,1,0,1,0,0,0,0,1,0,0,1,0,1,0,0
LA25,4,3,2,4,3,4,4,4,4,4,4,3,4,4,4
LA26,4,3,3,3,3,4,4,4,3,3,4,5,4,4,4
LA27,2,2,2,3,3,4,3,5,3,2,3,3,4,4,4
LA28,4,2,2,3,3,2,4,2,4,3,3,2,4,4,4
LA29,2,1,2,1,2,4,3,3,2,1,2,2,3,3,3
LA3,1,0,1,1,2,1,1,1,1,1,3,1,2,1,1
LA30,5,1,0,0,1,0,5,2,0,0,2,0,3,3,3
LA31,1.999683643,1.855160047,0.786072884,1.262109007,1.580795343,1,1.581861927,1.381075466,2,2,2,1,1,1,1
LA32,0,0,2,0,0,1,0,1,0,0,1,1,0,0,0
LA35,0,0,0,0,0,2,0,1,0,0,3,3,3,3,2
LA36,2,1,0,0,0,0,1,0,0,0,2,1,1,0,1
LA37,0,0,0,0,0,0,0,0,1,0,2,2,1,1,1
LA38,4,3,3,3,3,2,5,3,1,2,3,3,4,3,3
LA39,0,0,0,0,0,1,0,1,0,0,1,1,1,1,1
LA4,3,2,2,2,1,1,2,2,1,0,2,2,1,2,2
LA40,4,3,1,4,4,2,5,3,5,3,4,3,5,5,5
LA41,1,2,2,2,2,1,1,2,1,1,2,3,3,3,3
LA42,1.407018365,1,0,1,3,1,1,1,1,1,1,1,2,1,1
LA43,0,0,0,0,0,0,0,0,0,0,1,1,0,0,0
LA45,0,0,0,0,0,0,0,0,0,0,2,1,0,0,0
LA46,0,0,1,1,0,1,0,4,0,0,4,4,4,2,5
LA47,2,2,3,3,2,3,3,2,1,2,2,2,3,3,3
LA48,3,2,1,1,1,1,4,3,2,2,3,2,2,3,2
LA49,1,0,0,0,0,0,0,1,0,0,1,1,0,1,1
LA5,3,0,3,3,1,1,1,3.285446238,4,1,2,1,0,1,1
LA50,2,2,0,0,0,2,1,2,2,0,3,3,1,3,2
LA51,0,0,0,2,0,1,0,0,0,0,2,2,3,1,1
LA53,3,0,0,0,0,0,2,0,1,0,4,1,3,3,3
LA54,0,0,0,0,0,2,0,1,0,0,1,1,1,0,1
LA55,5,4,1,4,4,1,5,2,5,4,4,2,5,5,5
LA56,5,0,5,5,0,4,4,1,4,2,5,0,2.399754578,1,4
LA57,0,1,2,1,0,3,2,3,1,1,2,4,3,4,4
LA58,1,1,1,1,1,0,1,2,2,1,4,1,3,1,2
LA6,5,5,1,3,3,1,5,3,5,4,5,3,5,5,5
LA60,0,0,0,0,0,3,0,4,0,0,1,2,3,4,1
LA61,5,5,1,5,5,1,5,3,5,4,5,3,5,5,5
LA7,4,0,0,0,1,0,3,0,0,0,3,1,3,0,3
MD13,1,1,1,1,1,2,1,1,5,2,4,1,1,1,1
MD15,1,2,2,2,1,3,1,1,0,2,2,2,2,2,2
MD3,2,2,1,1,2,3,2,2,3,2,5,3,3,2,2
MD4,0,0,0,0,0,1,0,2,3,1,2,4,4,4,4
MD5,1,0,2,1,0,4,1,0,0,1,2,2,2,2,2
MD7,1,1,1,1,0,1,1,2,3,1,2,1,1,1,1
MI14,0,0,1,1,1,1,1,3,4,2,3,1,1,1,1
MN102,1,0,0,0,0,0,2,1,1,1,1,1,1,1,1
MN11,1,1,1,1,0,1,1,1,1,1,1,2,1,1,1
MN112,0,1,1,1,1,1,1,3,4,2,1,4,1,1,1
MN114,1,1,1,1,1,0,1,3,2,1,2,2,1,1,1
MN119,0,0,3,3,1,0,1,4,1,0,1,2,1,1,1
MN124,3,4,1,1,1,1,2,1,4,3,4,2,1,1,3
MN128,0,0,1,0,1,2,1,1,1,0,2,1,1,1,1
MN145,1,1,1,1,1,1,2,1,1,1,2,2,1,1,1
MN149,4,3,1,1,1,3,4,3,3,4,3,2,2,1,1
MN154,1,1,1,1,0,1,3,1,2,1,3,3,3,1,2
MN155,1,1,1,1,1,1,1,0,1,1,3,1,1,1,2
MN21,1,1,1,1,1,1,1,3,5,5,3,3,1,3,3
MN36,1,1,1,1,1,1,1,3,4,4,2,3,1,1,1
MN52,0,1,1,1,1,1,1,4,1,1,2,5,2,1,2
MN57,2,2,2,1,1,3,2,3,4,4,5,3,4,3,3
MN61,1,2,1,1,1,1,1,2,2,1,3,2,1,1,1
MN9,0,0,2,2,1,1,1,3,2,2,1,1,1,1,1
MN94,2,3,1,1,1,1,1,2,4,2,4,1,1,1,1
MO11,3,1,0,0,0,0,0,0,1,0,0,0,0,0,0
MO14,1,1,4,4,2,3,2,0,2,1,3,1,2,1,2
MO15,0,0,3,2,2,3,0,1,1,1,2,2,1,1,1
MO16,0,0,1,1,1,2,1,1,2,1,2,1,1,1,1
MO18,2,2,1,1,1,1,1,2,2,1,2,2,2,1,1
MO19,2,1,1,1,2,2,1,0,2,1,4,3,3,3,2
MO2,3,3,3,3,3,3,3,3,3,3,3,3,3,3,3
MO20,2,1,1,1,2,1,1,1,1,1,2,3,3,2,2
MO21,4,1,1,1,3,4,4,2,3,1,4,3,4,4,4
MO22,0,0,0,0,0,5,0,1,4,1,1,2,1,4,1
MO23,0,1,4,4,1,3,1,1,2,1,2,1,2,1,1
MO24,1,1,2,1,1,3,1,2,2,2,2,2,2,1,1
MO25,1,3,2,2,1,4,1,3,3,1,3,1,1,1,1
MO26,4,1,2,2,2,4,4,1,3,1,4,0,4,0,3
MO27,0,0,1,0,0,3,1,5,3,2,4,2,3,4,4
MO29,2,3,0,0,2,3,2,1,3,1,4,3,3,4,3
MO3,4,4,1,1,2,3,4,2,4,1,4,2,3,3,4
MO30,1,1,3,1,1,4,1,4,4,2,2,1,1.521948208,4,3
MO35,0,0,3,4,2,4,1,4,3,1,5,4,5,3,3
MO36,2,3,3,4,2,3,2,4,3,1,5,4.320171073,4,4,3
MO37,3,3,2,2,0,4,3,4,4,1,2.766200139,3.481135936,2.128584212,3.500860407,3.22100206
MO38,1,1,1,1,1,2,1,2,3,0,3,5,3,1,1
MO39,2,3,1,1,2,1,2,3,2,1,3,4,2,2,2
MO40,1,1,2,2,1,2,1,1,2,2,1,1,2,2,2
MO41,0,0,3,4,2,4,1,4,3,1,5,4,5,3,3
MO42,0,0,3,4,2,4,0,4,3,1,5,4,5,3,3
MO43,0,0,3,4,2,4,1,4,3,1,5,4,5,3,3
MO44,4,1,1,1,2,3,4,1,3,1,5,3,5,4,3
MO45,0,0,2,1,0,1,0,2,4,1,2,3,1,0,0
MO46,0,0,0,0,0,2,0,1,0,0,1,1,2,2,2
MO47,1,2,1,1,1,1,1,4,2,1,1,2,3,3,2
MO48,0,1,0,0,1,2,1,1,5,2,4,2,3,1,1
MO5,2,3,2,2,1,3,1,1,2,1,2,1,2,3,3
MO50,4,4,3,3,4,2,2,2,3,2,3.815635423,2.879052702,3.122572973,2.707820178,2.622378016
MO51,1,1,2,2,1,4,2,4,4,2,2,2,1,4,1
MO52,3,2,2,2,4,4,1,1,2,1,4,4,4,3,3
MO56,0,0,2,1,1,1,0,1,2,0,1,3,1,1,1
MO58,0,0,1,1,1,1,0,1,1,1,1,1,1,0,0
MO61,0,1,0,0,0,1,0,3,3,1,2,1,1,1,1
MO63,3,2,1,2,3,2,2,1,1,1,4,4,3,3,2
MO64,4,4,1,1,1,2,3,1,3,1,4,2,2,1,2
MO65,4,4,3,2,2,2,1,2,2,1,2,1,1,1,1
MO7,0,2,2,1,1,3,1,0,4,0,4,3,2,3,3
MO8,3,3,1,1,3,3,2,5,3,1,3,5,3,5,2
MO9,1,0,3,1,0,5,0,5,1,1,3,3,1,3,3
MS10,3,3,1,1,1,1,3,0,1,1,3,1,2,2,2
MS15,1,1,1,1,1,3,1,1,0,1,1,1,1,1,1
MS16,2,4,5,5,5,4,3,2,1,1,5,4,4,4,3
MS18,5,5,5,5,5,1,5,2,1,1,5,5,4,4,5
MS2,5,5,5,5,5,1,5,1,4,1,5,4,5,5,5
MS20,5,5,5,5,5,1,5,2,1,1,5,4,5,5,5
MS21,5,5,3,3,4,2,4,2,1,1,5,4,4,4,5
MS22,5,5,4,4,4,4,5,3,2,1,5,4,4,4,3
MS23,0,1,1,1,2,4,1,1,0,0,1,2,1,1,1
MS24,5,5,5,5,5,1,5,2,3,1,5,5,5,5,5
MS25,4,4,4,4,4,2,4,1,1,1,5,4,5,5,5
MS26,1,1,0,0,0,0,1,0,0,0,0,1,1,0,0
MS27,1,1,1,1,1,0,1,0,1,0,1,2,0,0,1
MS28,2,2,1,1,0,0,1,0,0,1,1,1,0,0,0
MS29,0,0,0,0,1,0,1,1,1,1,1,1,1,1,1
MS3,4,4,3,3,4,2,3,2,1,1,5,4,3,3,4
MS33,1,1,1,1,1,2,1,1,1,1,2,2,1,1,1
MS35,1,1,0,1,2,1,1,1,1,1,2,1,3,1,1
MS38,4,4,1,1,1,1,4,1,1,1,2,2,1,2,2
MS43,2,2,4,4,4,2,2,1,1,0,2,2,2,2,2
MS44,4,4,2,2,2,4,4,1,2,1,4,4,4,4,4
MS46,1,1,1,0,1,2,1,1,1,1,1,1,0,0,0
MS47,0,0,0,0,1,1,1,1,1,0,1,1,1,1,1
MS48,0,0,0,0,0,0,0,0,2,1,3,1,1,1,1
MS49,3,4,4,4,4,4,4,1,1,1,4,4,5,4,3
MS53,1,1,1,1,1,3,1,1,0,0,1,1,1,1,1
MS58,3,2,2,2,3,4,2.992674771,2,1,1,3,2,3,2,2
MS6,5,5,2,4,4,4,5,3,2,1,5,4,5,5,4
MT10,2,0,0,0,3,3,0,2,2,1,4,1,4,2,1
MT100,5,5,1,1,1,3,4,1,4,3,2,3,3,3,2
MT103,2,1,1,1,1,1,2,3,1,0,4,1,2,1,2
MT14,3,3,1,1,2,2,2,1.111939025,1,3,1,1,1,2,2
MT16,1,0,0,0,0,1,1,1,0,1,2,2,1,3,3
MT20,4,3,1,1,1,2,1,3,1,1,3,2,1,1,1
MT21,3,3,1,1,1,2,0,2,1,0,4,3,3,2,2
MT22,1,1,0,0,0,4,0,1,0,0,4,1,1,1,2
MT25,1,1,2,1,1,3,2,2,2,3,2,3,1,2,2
MT26,1,1,1,1,1,0,1,1,0,5,1,1,1,1,2
MT27,1,1,1,1,1,3,2,1,1,2,1,2,1,1,1
MT31,1,1,1,0,0,3,1,3,1,2,2,2,0,1,1
MT33,0,0,0,0,1,1,0,0,0,0,1,0,1,0,1
MT35,1,1,1,0,0,0,1,1,1,1,1,1,0,2,1
MT42,1,0,1,1,0,1,1,1,0,3,1,3,1,1,1
MT47,4,4,4,3,4,4,4,4,1,1,1,2,0,1,1
MT60,0,1,1,1,1,1,1,3,1,1,2,1,1,1,1
MT61,2,5,4,4,3,2,1,2,4,4,5,3,1,2,2.423856705
MT62,0,1,0,0,1,2,0,4,1,1,2,2,1,1,1
MT64,1,0,0,0,0,1,1,1,0,0,1,1,1,1,1
MT66,0,0,1,1,0,2,0,1,0,0,1,1,0,1,1
MT68,0,0,0,1,0,0,1,1,0,0,1,1,1,1,1
MT7,1,1,1,1,0,1,1,1,0,0,1,0,0,0,1
MT8,1,1,1,1,1,5,2,3,3,3,4,5,2,4,3
MT82,2,1,4,1,0,2,1,1,0,0,4,2,1,1,1
MT83,0,2,1,0,0,3,1,0,0,1,1,2,1,2,2
MT85,1,1,1,1,1,1,1,2,1,2,4,2,2,2,2
MT9,5,3,1,1,2,1,1,1,4,4,3,2,1,1,1
MT92,2,2,1,1,0,0,1,0,0,0,1,1,1,2,1
MT94,0,0,1,0,0,0,1,1,0,0,1,1,0,0.84175203,1
MT98,1,1,1,1,1,2,1,1,1,1,3,2,1,3,3
NC100,1,1,0,0,0,1,1,2,2,1,3,2,2,1,1
NC101,2,3,0,0,0,1,2,1,3,1,2,2,2,1,1
NC102,1,1,1,1,1,2,0,0,4,0,2,2,2,3,2
NC103,3,2,2,2,2,1,0,0,4,0,3,2,2,1,1
NC11,0,0,0,0,0,0,0,0,0,0,0,0,0,0,0
NC12,1,0,0,0,0,0,0,0,0,0,0,0,0,0,0
NC13,4,3,4,4,4,1,3,1,3,1,3,3,3,2,2
NC14,1,1,0,0,0,1,0,1,2,0,2,2,3,2,1
NC15,0,0,1,0,0,4,0,4,0,0,1,3,0,4,2
NC17,2,2,1,1,1,0,1,1,4,1,2,2,3,1,2
NC18,0,0,0,0,0,3,0,0,0,0,0,0,0,0,0
NC19,0,1,0,0,0,1,0,4,2,1,1,3,2,2,2
NC2,0,0,0,0,0,5,0,0,0,0,0,0,0,0,0
NC26,1,0,0,0,0,2,0,3,5,3,5,3,2,2,1
NC28,0,0,0,0,0,5,0,0,0,0,0,0,0,0,0
NC3,3,3,2,1,0,3,1,1,4,3,2,3,2,2,2
NC31,2,2,0,0,0,0,1,1,1,1,1,1,2,1,1
NC32,4,3,2,4,4,4,4,2.686736371,3,1,4,2,3,2,1
NC33,1,1,1,1,1,1,2,0,3,1,2,1,2,1,2
NC34,1,1,1,1,1,2,1,1,3,1,2,1,2,1,1
NC35,2,2,0,0,0,0,1,2,3,1,2,2,2,2,2
NC37,2,1,1,1,1,4,1,5,1,1,1,1,1,3,2
NC4,2,1,3,3,3,1,2,1,3,0,3,3,3,2,1
NC41,1,1,1,1,1,2,1,1,3,1,1,2,2,1,1
NC42,1,1,0,0,0,0,0,1,2,0,2,1,1,1,1
NC44,3,0,0,0,0,2,0,0,2,1,4,1,2,0,0
NC46,2,1,0,0,0,0,2,0,2,1,1,1,1,1,1
NC5,0,0,0,0,0,3,0,0,0,0,0,0,0,0,0
NC52,0,0,2,2,0,5,0,5,0,0,1,3,3,3,3
NC54,3,1,1,1,1,5,1,2,2,1,2,2,1,2,1
NC55,0,0,0,0,0,0,0,2,0,0,2,2,1,2,2
NC56,0,0,0,0,0,5,0,0,0,0,0,0,0,0,0
NC59,2,1,2,3,3,2,1,3,3,1,3,3,3,2,2
NC60,0,0,1,1,0,4,0,5,4,2,1,2,2,5,3
NC63,0,0,0,0,1,3,0,1,1,1,1,2,2,1,1
NC68,0,0,0,0,0,3,0,1,4,1,1,2,1,1,1
NC69,0,1,1,1,1,4,1,2,1,1,2,3,2,3,1
NC7,4,0,0,0,0,0,0,0,3,0,2,3,1,0,0
NC70,4,3,0,0,0,0,3,4,3,1,1,5,1,4,4
NC71,0,0,0,0,0,2,0,1,3,0,1,1,1,1,1
NC73,0,0,0,0,1,0,0,0,1,1,3,1,2,0,1
NC74,0,0,0,0,0,5,0,0,0,0,0,0,0,0,0
NC76,1,2,0,0,0,0,2,0,3,1,2,1,1,1,1
NC78,4,4,0,0,0,0,4,1,3,1,3,3,2,2,2
NC79,0,0,0,0,0,5,0,0,0,0,0,0,0,0,0
NC82,0,0,0,0,0,0,0,2,2,0,2,3,1,2,2
NC83,3,3,3,4,4,5,1,2,1,1,3,2,2,1,1
NC86,0,0,0,1,0,0,0,0,2,0,2,1,1,0,0
NC87,0,0,1,1,3,4,0,1,0,0,2,2,1,1,1
NC89,0,0,0,0,0,5,0,0,5,0,0,0,0,0,0
NC9,2,0,0,0,2,0.800536329,1,0,3,0,4,1,1,0,0
NC95,0,0,0,0,0,0,0,3,2,0,2,3,0,1,1
NC97,3,0,0,0,0,0,0,0,3,0,4,1,1,0,0
NC98,0,0,0,0,0,4,0,0,0,0,0,2,0,0,0
NC99,2,2,0,0,0,5,0,0,0,0,5,0,0,0,0
ND19,0,0,3,3,1,1,0,3,1,1,4,5,5,5,5
ND24,5,0,0,0,0,3,3,4,4,5,1,3,0,3,3
ND45,3,1,3,1,1,4,3,1,5,4,4,4,3,3,4
ND46,1,1,1,1,1,1,1,1,4,2,4,4,1,3,3
ND49,5,2,1,1,1,3,4,1,4,3,4,3,3,1,2
ND5,3,5,5,5,5,5,5,5,4,4,5,4,4,4,4
ND55,0,0,1,1,1,1,1,1,1,1,1,1,1,1,1
ND58,0,1,1,1,1,1,1,1,4,4,3,2,3,2,3
ND59,1,0,2,1,1,1,1,1,3,2,2,1,1,1,1
ND61,0,1,4,2.589902107,1,2,1,4,3,4,3,3,1,1,1
ND62,4,4,2,2,1,5,3,4,4,4,5,3,1,1,3
ND63,1,1,1,1,1,4,1,1,3,3,1,1,1,1,1
ND8,5,1,1,1,1,3,4,1,5,4,4,1,3,3,3
NE12,1,1,3,3,2,1,1,2,3,2,4,4,3,2,2
NE14,1,1,2,2,1,1,2,2,4,1,5,3,4,3,3
NE17,3,1,4,4,3,3,1,4,3,1,3,5,4,4,4
NE23,0,0,1,1,0,2,0,0,3,3,1,3,1,2,2
NE26,5,1,1,1,1,3,3,2,2,1,3,2,0,4,3
NE27,5,4,4,3,5,3,4,5,5,3,5,5,5,4,4
NE28,3,3,4,3,4,3,4,4,4,2,4,5,4,4,4
NE29,3,2,2,2,2,2,2,4,3,2,3,2,2,2,2
NE30,4,4,3,3,4,3,3,4,5,5,5,5,4,4,4
NE34,2.062404651,2,2,2,1,4,3,3,3,4,2,4,2,5,5
NE36,4,3,2,2,1,3,3,3,5,3,3,3,2,3,3
NE37,4,3,4,4,1,4,3,1,3,0,2,4,0,4,4
NE38,2,2,1,1,4,3,1,3,5,5,3,5,1,4,4
NE39,4,1,0,0,1,2,1,3,5,3,4,3,2,2,2
NE40,1,1,3,3,3,3,1,2,4,1,3,3,4,3,3
NE41,1,1,3,3,3,1,1,2,4,2,4,4,3,3,3
NE42,1,1,3,3,2,0,1,1,4,4,3,4,4,2,2
NE43,3,1,3,3,2,3,3,2,4,4,4,4,2,4,4
NE44,2,1,5,5,5,1,1,3,3,1,5,4,4,2,2
NE45,1,1,2,2,2,3,1,2,3,1,4,4,4,4,4
NE46,4,4,3,3,3,4,4,0,5,4,1,4,1,5,5
NE47,1,1,1,1,1,4,1,1,2,1,1,1,1,4,4
NE48,1,1,1,1,1,3,1,1,2,0,2,1,1,3,3
NE49,5,4,5,4,3,5,5,3,4,1,4,5,4,5,5
NE50,2.498352334,3,4,2.968556756,1.953875834,5,2,1,3,3,2,2,1,4,4
NE6,4,5,5,4,5,5,5,4,5,3,5,5,5,4,4
NE7,3,3.086186209,1,1,3,3.412354361,3.083066531,4,5,4,5,5,5,4,4
NH14,4,0,1,1,0,3,2,3,1,2,1,1,0,1,1
NM14,1,5,1,1,2,1,2,0,0,0,4,2,5,2,2
NM15,0,2,0,0,0,4,2,0,1,0,4,1,2,3,5
NM18,1,4,0,0,2,4,3,1,5,0,4,4,3,5,5
NM20,2,1,2,2,2,3,2,4,2,2,2,3,2,4,4
NM29,4,5,3,3,1,5,5,0,4,0,5,4,0,5,5
NM4,5,5,1,1,1,5,4,2,3,5,2.816353228,1,2,3,3
NM42,1,3,0,0,0,2,2,1,1,0,1,1,2,1,1
NM43,5,5,3,3,0,5,5,2,4,0,5,3,1,5,5
NM44,3,4,1,1,2,4,4,1,3,0,4,3,3,5,5
NM46,3,3,1,1,2,4,2,1,1,0,4,0,0,2,2
NM6,1,2,2,0,3,2,2,3,4,5,4,1,3,1,1
NM7,3,3,2,2,3,5,4,4,2,1,5,5,5,5,5
NV14,2,3,1,1,1,4,3,2,1,1,2,1,1,1,1
NV21,0,0,0,0,0,0,0,0,0,0,0,0,0,0,0
NV22,5,0,0,0,0,0,5,0,2,2,5,0,4,0,0
NV25,4,4,3,3,2.559118473,2,3,2,2,2,2,1,2,2,1
NV26,2,2,1,1,1,3,2,3,1,2,2,1,2,1,1
NV28,0,0,0,0,0,5,0,0,0,2,1,1,1,0,1
NV29,5,5,0,0,0,4,5,0,0,2,2,0,0,0,0
NV30,0,0,0,0,0,0,0,0,0,1,0,0,0,0,0
NV34,0,0,0,0,0,0,0,0,0,1,1,0,0,0,0
NV39,5,3,0,0,0,0,4,0,0,2,1,0,1,1,1
NV41,0,0,0,0,0,2,0,0,0,1,1,1,1,0,0
NV42,1,0,0,0,0,3,0,0,0,1,2,2,2,1,1
NV43,0,0,0,0,0,2,0,0,0,1,0,0,0,0,0
NV44,1,3,2,2,1,2,1,1,1,3,2,1,1,1,1
NV6,4,4,3,0,0,0,4,0,0,2,3,0,3,0,3
NV8,5,5,3,3,5,3,5,5,1,5,5,5,5,5,5
NV9,0,0,0,0,0,0,0,0,0,1,0,0,0,0,0
OH11,1,1,1,1,1,4,1,1,2,1,1,1,1,2,2
OH13,2,2,2,2,2,3,3,1,2,1,3,2,2,2,2
OH14,3,3,2,2,2,2,3,5,5,2,5,5,3,4,3
OH17,1,1,1,1,1,3,1,1,1,1,1,1,1,2,2
OH18,1,1,1,1,1,3,1,2,1,2,1,4,1,2,2
OH19,1,1,1,1,1,3,2,1,4,1,1,3,1,3,3
OH2,0,1,1.878584509,2,0,2,1,2,1,1,3,2,3,1,2
OH20,2,1,4,4,1,2,2,4,5,3,4,4,3,3,3
OH22,1,1,2,2,2,3,3,1,1,1,3,2,2,3,2
OH23,1,1,1,1,1,1,1,1,1,1,2,2,1,1,2
OH24,3,2,2.855462548,3,2,4,2,3,2,1,4,3,4,4,3
OH26,1,1,1,1,1,2,1,1,1,1,1,1,1,2,1
OH27,1,0,1,2,2,4,3,1,1,2,3,2,3,2,1
OH29,4,4,4,3,3,5,5,2,3,2.433736142,5,3,4,2,4
OH3,1,1,1,1,1,2,1,1,1,1,1,2,1,1,1
OH30,5,3,5,4,1,5,5,5,4,3,5,4,2,5,3
OH31,5,1,1,1,3,3,3,3,4,3,4,3,2,4,4
OH32,4,0,3,3,2,1,2,1,4,3,4,2,4,1,1
OH33,3,0,2,1,1,1,1,4,3,3,4,3,2,1,2
OH34,2,1,2,4,1,3,1,5,4,1,2,4,1,3,3
OH35,1,1,3,3,0,2,1,4,2,2,0,1,0,3,1
OH36,0,0,5,5,0,4,0,4,2,2,1,1,0,0,1
OH37,3,3,1,1,2,2,3,1,2,4,3,1,2,1,1
OH38,1,1,2,2,2,2,1,2,1,1,2,1,2,2,1
OH39,0,0,5,5,0,5,0,5,1,1,0,0,0,5,0
OH40,1,1,3,3,1,2,1,2,2,1,2,2,1,2,1
OH41,2,2,1,1,1,3,2,1,1,3,1,1,1,2,2
OH42,1,1,2,1,1,1,1,5,2,1,2,1,1,3,2
OH43,1,2,1,1,1,1,1,1,1,1,3,1,2,1,2
OH44,2,2,1,1,1,3,2,1,1,1,2,2,1,2,2
OH45,2,2,1,1,1,1,3,1,1,1,1,1,1,2,2
OH46,1,2,1,1,1,1,2,1,1,3,1,1,1,2,1
OH47,1,2,1,1,1,2,1,3,1,1,1,2,1,1,2
OH48,1,0,1,1,1,1,1,1,2,1,2,1,1,1,1
OH49,3,3,3,3,4,4,4,4,2,1,3,2,3,2,3
OH5,1,1,1,2,1,4,1,3,1,1,1,4,1,2,3
OH50,2,0,1,1,2,4,3,1,1,1,3,2,3,2,3
OH51,0,0,1,1,2,3,1,0,2,1,2,2,2,2,2
OH52,2,1,1,1,3,3,1,2,1,1,3,2,3,2,3
OH9,4,1,1,1,2,2,5,1,3,1,5,2,4,1,5
OK101,2.16171614,2,3,3,3,2,3,1,1,1,2,2,3,2,2
OK102,0.652796645,0,0,0,0,3,1,1,1,1,1,2,2,1,1
OK103,1.352395103,1,2,2,2,1,1,1,1,1,2,3,2,2,2
OK106,2.352700367,3,1,1,1,1,2,5,2,0,2,1,1,2,2
OK107,0.744097391,1,1,1,1,1,1,4,3,1,2,4,2,3,3
OK108,2.507020722,4,1,1,4,3,3,1,2,1,4,5,4,5,5
OK109,4.131005754,3,2,1,1,3,4,3,3,1,4,2,3,3,2
OK112,2.051003353,3,1,1,3,3,2,3,2,0,2,2,2,2,2
OK117,1.51280729,1,2,2,2,1,1.822611597,1,1,0,3,3,3,3,2
OK120,2.772929684,3,3,1,1,3,3,1,1,1,1,1,1,2,2
OK121,2.452349922,2,2,2,2,1,3,1,2,0,2,3,2,2,2
OK122,1.120823706,1,2,2,2,1,1,1,1,0,1,1,1,1,1
OK129,3.154324918,3,4,1,2,3,3,4,4,2,4,3,4,3,4
OK13,0.046713732,0,1,0.627968419,0,2,0,0,2,1,1,1,1,0,1
OK131,2.018753761,3,3,1,3,3,2,3,1,0,2,2,2,2,2
OK135,2.98575947,4,3,1,3,4,3,2,1,1,4,3,3,4,5
OK138,2.292494399,1,2,2,2,4,3,3,1,1,3,3,3,3,3
OK139,2.302696047,1,2,2,2,4,3,3,1,1,3,3,3,3,3
OK140,1.457934037,0,0,0,0,3,2,1,1,1,1,2,2,1,1
OK142,0.511038599,0,0,0,0,3,1,2,1,1,1,1,1,1,1
OK143,0.269798427,0,0,0,0,3,1,1,0,1,1,3,2,1,1
OK145,1.615739419,1,2,2,2,3,2,1,1,1,1,1,1,1,1
OK146,2.368579916,1,0,0,0,2,4,2,1,0,4,5,4,3,4
OK147,1.517065904,1,1,1,2,0,1,0,1,0,1,1,1,3,1
OK148,4.589187243,5,4,2,4,5,5,2,4,3,3,3,3,4,4
OK149,0.48300658,1,1,1,3,4,1,2,5,0,2,1,1,4,4
OK152,2.839105431,4,1,1,4,2,4,1,2,1,4,4,4,4,5
OK153,3.083183633,4,3,3,3,3,3,2,3,1,3,3,3,4,4
OK155,1.73595428,3,1,1,4,2,2,2,2,1,4,5,4,4,4
OK156,2.170804093,1,2,2,2,4,3,2,1,1,3,2,2,2,2
OK158,3.762129469,5,2,2,4,3,3,2,4,3,5,3,3,3,3
OK159,0.404307239,0,5,5,1,5,1,5,1,1,1,1,1,5,1
OK160,2.918329146,4,3,3,4,2,2,1,5,2,5,4,5,3,4
OK161,1.219614336,0,0,0,0,1,1,1,3,0,3,2,2,4,2
OK162,0.811888472,0,0,0.059174177,0,2,1,1,0,1,2,3,3,2,2
OK163,2.024532409,0,0,0,0,1,3,1,1,0,3,3,2,2,1
OK164,3.274504626,3,1,1,3,1,3,3,3,1,4,3,2,3,3
OK165,0.339345872,1,5,5,0,4,1,1,2,1,1,2,1,2,2
OK166,1.048864678,1,0,0,0,2,1,2,4,0,2,4,3,2,2
OK167,1.369422767,3,2,2,1,2,1,1,1,0,2,1,1,1,2
OK18,1.35985996,1,2,2,2,3,2,2,4,1,3,4,3,3,3
OK19,0.662149641,0,0,0,0,3,1,1,1,0,1,1,1,1,1
OK20,0.847021106,0,0,0,0,3,1,1,1,0,2,1,1,1,1
OK21,0.945200189,2,3,3,2,2,1,1,2,0,2,2,2,3,3
OK24,1.797856286,1,0,0,1,1,1,2,2,1,4,1,2,1,2
OK25,1.46472703,2,3,1,2,4,1,2,3,0,2,3,2,3,2
OK26,2.473382309,0,0,0,0,2,4,2,1,1,4,3,3,3,2
OK27,1.33274694,1,2,1,3,4,1,4,4,1,3,3,2,2,2
OK29,3.427623711,4,2,2,2,2,3,4,5,1,3,3,3,3,3
OK3,3.7719869,4,4,4,1,3,4,1,3,1,3,3,3,3,2
OK30,1.094802873,1,2,2,2,4,1,1,2,1,2,2,3,2,2
OK31,4.861871277,4,4,4,4,4,5,4,1,1,5,3,4,3,3
OK32,3.284538423,2,2,1,2,2,4,4,2,1,4,4,3,3,4
OK35,2.143329626,0,0,0,0,4,3,1,2,1,4,3,4,4,3
OK36,2.649418817,4,4,3,4,3,3,1,3,2,4,4,4,3,3
OK39,1.743121622,3,3,3,3,4,1,3,1,1,4,3,3,2,2
OK41,3.22952442,4,3,3,4,4,3,2,2,1,3,4,3,3,2
OK42,1.94306127,1,1,1,1,1,1,1,5,5,3,1,1,1,1
OK43,1.63216647,2,1,1,1,4,3,3,1,1,4.024146645,4.086757984,3.209860674,3.804611355,3.434549621
OK45,1.983450238,3,1,1,1,1,2,1,3,1,2,4,2,2,2
OK53,4.955816428,4,2,3,2,5,5,1,4,0,5,4,4,4,4
OK54,5.465810423,5,3,3,4,5,5,4,5,1,5,5,5,5,4
OK55,1.858522154,1,3,1,4,1,1,1,4,1,4,1,2,1,1
OK56,0.790982996,0,0,1,0,3,1,1,4,0,2,1,2,1,1
OK57,3.723683831,4,2,0,1,2,4,3,2,1,3,4,1,3,4
OK59,4.172161149,5,2,1,1,3,4,1,2,1,5,3,4,3,3
OK60,4.289332863,4,3,3,3,3,4,4,1,1,4,3,3,3,3
OK61,1.39262468,1,2,2,1,4,2,3,1,0,2,3,1,2,2
OK62,1.944832847,0,0,0,0,3,3,1,1,1,3,2,1,1,2
OK63,2.534945534,4,3,3,3,2,3,2,2,0,4,4,3,3,3
OK64,3.879973596,2,1,1,2,3,5,3,3,1,5,3,4,4,4
OK65,1.518204835,2,3,3,3,3,2,4,2,1,2,2,3,2,2
OK66,1.933035266,1,1,0,1,3,2,1.48632242,3,0,1,2,1,2,2
OK67,2.382462032,1,2,2,2,4,4,1.649065909,0,1,4,4,4,3,3
OK68,1.10590924,0,0,1,1,3,2,2,4,2,4,4,5,3,3
OK69,2.867137653,4,2,2,4,2,2.665173837,2,3,0,5,2,2,2,3
OK71,0.718308578,0,3,3,3,4,1,1,2,1,1,3,2,3,2
OK72,0.876753859,1,2,2,3,1,1,1,1,1,1,1,1,1,1
OK73,1.020636449,2,3,2,3,3.285733659,1,3,4,3,2,1,2,2,2
OK75,1.340505382,2,3,3,2,3,1,4,1,0,1,1,1,2,2
OK76,0.370163029,1,1,0,0,0,0,1,0,0,1,1,0,0,0
OK80,1.698919554,1,2,2,2,4,2,1,1,1,4,4,3,3,3
OK82,2.444452266,3,3,2,2,3,2,2,2,1,2,2,2,2,2
OK85,-0.196057371,0,0,0,0,1,0,1,1,1,1,1,1,0,1
OK86,0.985803949,1,3,3,2,2,1,2,4,0,2,2,2,2,2
OK88,1.659855068,1,2,2,2,3,2,1,0,1,2,2,2,2,2
OK89,1.129265758,1,2,2,2,4,1,1,1,1,1,1,1,2,2
OK90,2.033514685,2,1,1,1,2,2,1,4,3,3,3,2,3,3
OK93,4.432632554,2,1,1,3,5,5,3,5,1,5,3,4,3,4
OK95,2.702600649,0,0,0,0,3,4,1,1,1,3,2,1,2,2
OK97,0.423908098,1,2,2,0,1,0,3,3,0,3,4,3,4,3
OR29,1,1,1,0,0,2,0,1,1,1,2,2,1,1,2
OR4,0,0,3,0,0,4,0,1,1,1,2,2,1,2,2
OR46,0,0,1,0,0,2,0,1,1,0,1,1,1,0,0
OR88,0,0,3,0,0,5,0,1,2,4,1,2,1,2,1
OR9,1,3,4,1,1,5,1,1,5,3,1,1,0,1,1
OR91,0,0,1,0,0,4,0,0,4,4,1,1,1,1,1
OR93,2,1,2,0,0,3,1,1,2,3,1,1,1,1,1
OR94,0,0,1,0,0,3,0,1,1,1,1,1,1,1,1
PA100,1,1,1,1,1,2,2,1,2,1,1,1,1,1,1
PA105,1,1,1,1,1,3,1,1,1,2,1,2,1,2,2
PA118,0,1,1,1,1,4,1,1,1,1,1,1,1,3,1
PA119,1,1,1,1,1,4,2,4,3,1,2,4,2,3,2
PA120,0,0,0,0,0,1,0,0,0,0,0,0,1,0,0
PA121,2,1,0,0,0,3,2,1,5,5,4,1,4,1,1
PA122,1,1,1,1,1,1,1,1,0,1,1,1,1,0,0
PA123,0,0,3,3,1,5,1,4,2,1,1,5,2,5,5
PA13,1,1,1,1,1,1,1,1,1,1,1,1,1,1,1
PA14,0,0,5,0,0,4,1,4,1,1,2,5,1,5,5
PA15,0,4,3,0,1,4,1,1,5,4,3,2,2,1,3
PA20,1,5,1,1,1,1,1,1,2,1,5,1,4,1,1
PA22,1,1,2,1,2,3,2,1,4,3,3.703605199,3.450830263,3.24409181,2.402225546,2.896967397
PA25,3,4,0,0,0,4,2,1,1,1,5,2,4,2,3
PA33,2,4,1,1,1,5,3,1,3,3,2,1,1,4,4
PA37,1,1,1,1,1,3,1,1,1,1,1,1,1,1,1
PA38,3,2,1,1,1,4,4,4,1,1,2,1,3,4,2
PA41,2,2,1,1,1,1,2,3,4,2,3.517673921,3.663366636,3.337971616,2.817495434,2.986425527
PA43,1,2,1,1,1,2,1,1,1,1,1,1,1,1,1
PA51,2,2,2,1,2,2,2,5,3,3,3,2,2,4,4
PA56,0,0,0,0,1,2,0,1,1,0,1,1,1,2,1
PA57,4,5,0,0,0,4,4,1,5,4,5,0,4,1,2
PA58,1,1,1,0,1,2,1,3,4,4,3,1,5,1,4
PA60,3,3,1,1,1,3,2,1,4,1,4,1,1,1,1
PA63,4,4,1,1,3,5,4,1,1,1,4,1,2,4,4
PA66,1,1,0,0,0,2,1,0,1,0,2,1,2,1,1
PA67,1,3,1,1,1,3,1,2,1,1,2,1,2,1,1
PA69,5,5,0,0,0,4,4,0,5,4,3,0,2,1,3
PA72,1,1,1,1,1,3,1,1,3,3,2,1,2,1,2
PA76,1,1,1,0,0,2,4,1,4,1,2,1,3,0,1
PA78,3,0,4,0,0,5,5,3,4,2,2,1,4,1,0
PA81,1,1,1,1,1,2,1,1,1,3,1,1,1,1,1
PA82,1,1,1,1,1,3,1,1,3,3,2,2,2,1,1
PA87,2,2,2,2,1,5,3,2,1,0,2,1,2,2,2
PA88,2,2,1,1,0,3,1,2,1,1,2,2,2,1,1
PA89,3,1,1,1,1,3,3,2,3,3,3,3,3,3,3
PA90,0,1,1,1,1,3,1,1,1,1,2,2,3,1,1
PA91,0,1,1,1,2,2,1,2,3,2,3,3,2,1,1
PA92,1,1,1,1,1,1,1,1,1,1,1,1,1,1,1
PA94,1,1,1,1,2,3,1,2,5,3,3,2,1,1,2
PA95,3,1,1,1,1,3,3,2,4,2,3,3,3,2,2
SD15,1,0,2,2,1,2,1,5,4,4,4,3,1,4,3
SD16,1,2,1,1,1,3,1,5,4,4,3,1,1,4,4
SD17,0,1,2,2,1,1,0,3,1,1,3,3,3,3,3
SD19,1,1,4,4,1,2,1,1,1,1,2,1,1,3,2
SD2,1,1,1,2,1,1,1,3,4,3,3,3,1,1,1
SD22,1,2,4,3,3,4,1,4,3,4,4,4,4,3,3
SD23,1,2,3,3,1,2,1,1,2,2,2,4,1,3,3
SD27,1,1,4,4,1,2,1,1,2,1,3,1,2,1,2
SD28,1,2,4,4,1,1,1,1,3,3,4,1,2,2,1
SD29,3,3,4,3,4,2,2,4,3,2,5,4,4,4,3
SD30,2,2,2,2,0,2,1,1,2,1,2,3,1,2,2
SD31,1,2,2,2,0,2,1,1,3,1,3,3,1,2,2
SD6,3,3,4,1,1,3,3,1,3,2,3,2,3,3,3
SD7,1,0,1,1,0,4,0,3,4,3,4,3,1,2,3
SD8,0,1,0,0,0,3,1,2,1,0,4,4,4,2,2
SD9,1,1,1,1,2,1,1,1,1,1,5,3,3,3,3
TN11,2,1,3,3,2,1,1,2,3,2,3,3,3,3,3
TN12,1,1,4,4,1,2,1,2,1,1,1,1,1,1,2
TN14,1,2,0,0,0,5,2,2,3,2,3,3,3,4,3
TN17,0,0,0,0,0,3,1,2,2,1,3,2,2.87635137,4,4
TN20,2,2,3,3,1,3,2,2,2,1,3,3,3,2,2
TN27,2,2,3,3,2,3,2,3,3,2,2,4,2,4,3
TN29,0,1,0,0,0,2,1,0,3,1,1,2,1,2,2
TN3,0,0,0,0,0,3,0,3,1,2,3,3,3,2,2
TN34,0,0,1,1,0,3,0,3,1,0,1,1,1,2,1
TN39,4,4,3,3,3,0,4,1.396147262,5,3,4,3,1,1,1
TN40,0,0,0,0,0,2,0,1,1,1,1,1,1,1,1
TN42,0,1,1,1,0,1,1,2,1,1,1,2,1,2,2
TN43,0,0,0,0,0,3,0,1,1,1,2,2,1,2,1
TN44,0,2,1,1,3,5,1,4,2,1,4,4,3,4,3
TN45,4,3,2,1,1,4,3,1,3,1,3,2,2,3,3
TN46,0,1,1,1,2,1,1,1,2,0,2,2,1,1,1
TN47,1,1,1,1,1,3,2,2,1,1,2,3,2,2,1
TN6,1,1,4,1,1,4,1,1,1,1,2,2,2,2,2
TN9,2,4,2,2,3,3,2,4,3,2,4,4,3,4,4
TX10,4,4,1,1,3,3,4,1,2,1,5,2,4,3,3
TX100,3,4,4,4,4,3,4,5,5,1,4,4,4,4,4
TX101,2,2,4,3,2,2,2,4,0,0,2,4,3,3,2
TX102,1,1,0,0,0,0,0,1,1,0,1,1,1,1,1
TX110,2,3,4,3,4,4,4,4,4,0,3,3,3,4,4
TX111,2,3,3,3,4,4,4,3,3,0,4,2,4,3,3
TX112,1,1,4,4,2,4,2,3,1,1,3,3,2,3,3
TX114,0,0,0,0,0,0,0,0,0,0,0,0,0,0,0
TX116,3,3,2,2,1,3,2,1,2,1,2,1.548665954,2,1,1.4403546
TX118,2,1,0,0,0,1,1,0,1,5,1,1,1,0,0
TX119,1,1,2,2,2,2,1,2,3,5,2,1,1,1,1
TX123,1,2,3,1,4,4,1,1,3,5,4,2,3,2,3
TX127,1,0,1,1,1,1,2,2,2,1,1,2,1,2,2
TX128,1,0,1,1,0,1,1,0,0,0,0,0,0,0,0
TX129,0,0,0,0,0,1,0,4,0,0,0,0,0,1,1
TX13,3,2,3,3,4,3,3,1,2,0,2,2,1,1,1
TX130,3,4,2,3,3,1,4,1,4,1,4,4,4,4,4
TX131,0,0,0,0,0,1,0,0,0,0,1,1,0,0,0
TX132,0,0,1,1,0,3,0,2,0,0,0,2,1,2,2
TX133,3,3,4,4,4,4,4,5,4,3,5,4,5,4,5
TX134,4,4,0,0,0,4,4,1,1,0,4,4,3,3,3
TX135,2,2,3,3,5,2,1,2,2,5,5,3,4,2,3
TX136,3,3,4,2,3,4,3,2,3,0,4,2,3,4,4
TX138,0,1,0,0,0,3,1,0,0,0,0,0,0,0,0
TX139,1,1,1,1,2,1,1,1,1,0,1,1,1,1,1
TX14,1,2,2,2,1,3,3,3,2,5,3,2,1,1,1
TX140,2,2,1,1,1,2,1,4,4,0,2,4,0,2,2
TX142,0,0,0,0,0,0,0,1,1,0,0,0,0,0,0
TX143,3,4,4,4,4,4,3,1,3,1,5,3,5,3,4
TX145,2,2,0,0,0,1,2,1,2,3,3,3,2,2,2
TX147,1,1,0,0,1,3,1,1,2,0,1,2,1,2,2
TX148,0,2,0,0,0,1,1,0,0,0,0,0,0,1,0
TX149,3,3,2,2,2,4,3,2,0,0,4,3,3,3,4
TX15,3,4,4,5,4,4,4,1,3,1,4,5,4,5,5
TX152,1,1,0,0,0,1,1,3,5,2,1,1,1,4,2
TX156,5,5,4,1,4,5,5,2,4,5,5,4,4,4,4
TX157,0,0,1,1,2,3,1,1,1,0,1,2,1,1.051605059,1
TX158,4,4,1,1,1,1,3,3,3,0,3,3,3,3,3
TX16,1,1,0,0,0,1,1,1,2,5,3,3,2,2,2
TX160,5,5,2,2,4,3,3,2,2,1,1,1,5,4,4
TX161,2,2,0,0,0,2,1,1,3,0,3,3,3,2,2
TX164,1,2,1,1,1,3,2,2,2,0,2,2,2,2,1
TX166,4,4,4,4,4,3,4,3,4,2,5,4,5,4,4
TX17,1,1,1,1,1,1,1,1,2,1,2,1,1,1,1
TX170,0,1,0,0,0,1,1,1,1,0,2,1,1,1,1
TX173,0,0,0,0,0,4,0,3,1,0,1,0,1.028056995,1.312152949,1
TX174,1,1,3,3,1,3,1,1,1,0,1,2,1,3,1
TX175,0,0,0,0,0,0,0,0,1,1,1,1,1,1,1
TX177,4,0,5,1,0,4,2,3,2,0,1,1,1,2,1
TX179,1,1,0,0,0,1,1,4,4,5,1,1,1,3,1
TX18,2,2,2,2,1,3,2,3,2,0,2,2,2,2,2
TX182,0,1,0,0,0,3,1,0,1,0,1,1,0,0,0
TX183,3,3,3,3,4,3,4,3,3,0,4,4,4,4,4
TX184,1,1,2,2,2,2,1,1,1,5,1,1,1,1,1
TX186,1,1,2,2,4,1,1,2,2,5,4,2,4,3,2
TX188,5,5,4,4,4,3,5,2,2,0,5,3,4,3,4
TX189,2,1,2,1,2,4,2,5,2,1,3,2,1,2,2
TX191,0,0,0,0,0,0,0,3,1,0,0,0,0,0,0
TX193,4,4,4,3,4,3,4,1,4,1,5,4,4,4,4
TX199,0,0,0,0,0,4,0,2,0,0,1,1,1,0,0
TX200,3,2,1,1,1,2,1,1,3,2,1,1,1,1,1
TX201,1,1,2,2,2,2,1,1,3,0,1,1,1,1,1
TX203,2,1,0,0,0,1,1,1,1,0,1,1,1,1,1
TX204,0,0,0,0,0,2,0,1,0,0,1,2,1,1,1
TX207,0,0,0,0,0,0,0,0,0,0,1,1,1,1,1
TX208,1,1,2,2,2,2,1,1,1,5,1,1,1,1,1
TX21,5,5,1,1,1,4,4,1,4,0,5,4,4,4,4
TX211,2,4,4,4,3,1,3,3,3,1,3,4,3,4,4
TX213,1,1,2,2,2,2,1,0,2,5,2,1,1,1,1
TX214,3,3,3,3,3,3,4,4,2,1,3,4,3,4,3
TX215,1,0,3,1,1,1,1,1,1,0,1,1,1,1,1
TX220,0,0,0,0,1,1,0,0,1,0,1,1,0,0,0
TX222,5,1,3,3,3,1,5,4,5,1,4,1,5,4,5
TX226,1,1,1,1,1,2,2,1,1,2,1,3,3,3,3
TX227,2,3,4,4,3,3,3,4,3,1,3,4,3,3,3
TX229,0,0,1,1,0,2,0,0,0,1,0,0,0,0,0
TX23,2,3,2,2,2,2,2,3,2,1,3,4,3,5,4
TX230,1,1,0,0,2,0,0,3,1,0,3,1,2,2,1
TX231,1,1,1,1,1,1,1,1,1,0,1,1,1,1.221626737,1
TX237,0,0,0,0,0,0,0,0,0,0,0,0,0,0,0
TX24,2,1,1,1,1,2,1,1,1,1,1,1,1,2,1
TX242,0,0,0,0,0,0,0,1,0,0,0,2,0,0,0
TX246,5,5,1,5,5,4,5,1,3,1,5,2,5,5,5
TX247,1,1,1,0,2,2,1,1,0,0,1,0,1,1,1
TX25,0,0,1,0,0,0,0,0,1,0,0,0,0,0,0
TX263,3,2,1,1,1,1,1,1,4,1,4,3,4,3,3
TX265,3,4,1,1,1,3,4,2,2,0,4,3,3,3,3
TX268,2,2,0,0,0,1,2,1,1,0,2,1,1,1,2
TX269,4,3,3,3,5,3,4,4,2,1,3,3,5,2,4
TX270,2,2,3,3,2,4,2,5,2,1,1,2,2,3,3
TX271,0,0,0,0,0,0,0,0,0,5,0,0,0,0,0
TX273,2,2,3,3,1,1,1,1,1,1,1,1,1,1,1
TX275,1,0,0,0,0,0,2,0,1,1,1,1,0,0,1
TX276,1,1,0,0,0,0,1,0,2,0,2,2,2,2,2
TX277,1,1,0,0,0,0,0,0,3,0,2,2,1,1,1
TX279,1,1,2,1,1,1,1,1,2,1,1,1,1,1,1
TX28,0,1,0,0,0,1,0,0.459651436,0,0,3,2,2,1,1
TX280,3,0,0,0,0,0,3,1,3,0,3,0,0,0,2
TX281,4,4,1,1,1,3,4,2,3,0,4,3,3,3,3
TX282,5,5,1,1,1,3,4,2,4,0,4,3,3,3,3
TX283,0,0,0,0,0,0,1,1,1,0,1,1,0,0,0
TX284,0,0,0,0,0,0,0,1,1,0,1,1,0,1,1
TX285,0,0,1,0,0,1,1,0,1,1,0,1,0,0,0
TX286,4,4,4,4,4,4,4,3,3,0,4,4,4,4,4
TX287,3,4,4,4,4,4,3,3,3,0,4,4,4,4,4
TX288,3,2,0,0,1,2,3,0,3,0,2,1,0,0,1
TX289,4,4,4,4,4,4,3,4,3,0,4,3,4,4,4
TX29,1,2,3,3,0,5,1,5,0,1,0,3,1,3,3
TX290,1,0,1,1,1,1,1,1,1,0,1,1,2,2,1
TX291,2,2,3,4,2,1,1,1,1,0,2,2,2,1,1
TX292,1,0,5,1,1,4,1,5,4,0,1,1,1,1,1
TX293,1,0,0,1,0,1,1,4,2,0,1,1,1,1,0
TX294,4,2,0,0,0,4,3,5,4,4,4,1,2,1,1
TX295,1,1,1,1,1,1,1,0,2,1,1,1,1,1,1
TX296,1,1,1,1,1,1,1,1,2,1,1,1,1,0,0
TX297,2,2,1,1,1,3,2,4,4,0,4,3,1,1,2
TX298,1,1,0,0,0,1,1,1,1,0,3,3,1,1,1
TX30,2,2,1,1,2,4,2,3,1,1,3,2,2,2,1
TX31,1,1,2,2,2,4.480174088,4,5,1,1,1,2,1.970188482,2,2
TX33,2,3,2,2,2,4,4,0,3,1,2,3,3,3,3
TX41,0,0,0,0,0,4,0,3,0,0,1,1,1,1,1
TX45,0,0,1,1,0,1,1,1,1,0,1,1,1,2,1
TX49,1,1,3,3,3,1,1,1,2,0,1,1,1,0,1
TX50,0,0,0,0,0,1,0,0,0,0,0,0,0,1,1
TX51,2,1,1,1,1,0,2,0,3,0,2,2,1,2,1
TX52,2,2,3,3,1,3,2,4,4,1,2,3,2,4,3
TX55,1,1,1,1,1,1,0,4,3,5,1,1,1,4,4
TX56,1,0,5,1,0,4,1,2,3,1,1,1,1,2,2
TX57,5,5,0,0,0,3,5,5,5,2,5,4,4,4,4
TX6,0,0,0,0,0,1,0,0,0,1,0,0,0,0,0
TX60,2,2,2,2,3,3,2,3,2,1,2,1,2,2,1
TX63,0,0,1,1,0,1,0,1,1,0,1,0,0,2,1
TX64,1,1,2,2,2,2,1,1,3,0,2,1,1,1,1
TX68,2,3,4,4,3,3,2.1751911,1,5,3,2.664764148,3,3,4,3
TX7,0,0,0,0,0,0,0,1,0,0,2,1,0,0,0
TX70,0,1,0,0,0,0,0,1,1,0,1,1,1,0,1
TX72,0,0,0,0,0,0,0,1,2,0,0,1,0,1,1
TX74,0,0,0,0,0,0,0,0,0,0,1,0,1,0,0
TX76,4,2,1,1,5,1,4,1,3,0,5,0,3,0,3
TX79,0,0,0,0,0,0,0,4,0,0,0,0,0,2,1
TX80,0,0,0,0,0,3,0,5,1,0,0,0,0,5,1
TX82,1,1,3,3,1,3,2,1,1,1,1,2,2,3,3
TX84,2,2,3,2,2,1,2,1,1,0,1,1,1,1,1
TX85,2,1,2,2,2,1,1,1,4,1,4,2,2,3,2
TX86,5,5,0,0,4,2,4,4,4,0,5,4,4,1,4
TX88,1,1,0,0,0,1,1,1,1,0,2,2,2,1,1
TX94,0,0,0,0,0,2.040578175,2,0,0,0,0,0,0,2,1.411576162
TX95,2,1,1,1,1,1,2,1,2,1,1,2,2,2,2
TX97,2,1,1,1,1,3,1,1,1,1,1,2,1,2,2
TX98,1,1,2,1,0,1,2,2,1,0,2,2,1,2,2
TX99,0,1,0,0,0,0,1,0,2,0,3,3,2,3,3
UT10,0,0,0,0,0,0,0,0,0,0,1,3,0,0,0
UT14,0,0,0,0,0,0,0,0,0,0,0,1,0,0,0
UT15,2,1,1,1,1,1,4,1,3,4,3,2,0,1,1
UT16,3,2,3,1,0,4,1,1,4,2,2,1,1,4,4
UT17,0,0.085369988,0,0,0,2,0,0,0,3,1,1,1,2,1
UT18,1,2,0,0,2,4,1,1,1,1,1,1,1,1,1
UT19,0,0,0,0,0,1,0,0,2,3,0,0,0,0,0
UT20,3,2,1,1,1,1,2,1,4,3,2,2,2,2,2
UT21,0,1,1,0,0,2,0,3,4,4,1,1,1,1,1
UT9,2,1,0,0,0,0,0,0,1,0,2,2,0,0,0
VA10,1,1,3,3,1,1,1,1,3,1,1,1,2,1,1
VA11,3,3,2,2,3,3,3,3,2,0,3,3,2,2,2
VA12,5,3,0,2,2,2,3,0,0,1,5,2,4,1,1
VA13,4,4,3,2,4,2,3,2,3,1,4,2,4,3,3
VA14,0,0,1,1,0,3,1,1,1,1,1,1,1,1,1
VA16,1,1,1,1,2,3,1,2,3,2,4,3,3,2,1
VA17,1,1,1,1,1,1,1,1,1,1,1,1,1,1,1
VA18,1,2,3,3,2,5,2,3,1,1,2,4,3,5,5
VA19,0,0,2,2,3,3,0,0,0,0,3,3,2,4,2
VA20,1,1,1,1,1,3,1,2,1,1,1,3,1,3,2
VA26,0,0,2,2,0,0,0,0,0,0,0,0,0,0,0
VA28,1,0,2,1,2,0,0,1,0,0,0,1,1,1,1
VA29,0,0,1,1,0,1,1,0,0,0,0,0,0,0,0
VA30,1,2,3,3,2,3,0,4,1,1,1,3,2,3,3
VA32,0,0,1,3,0,3,0,1,1,0,1,1,1,1,1
VA33,1,0,1,1,1,1,1,3,3,2,1,1,2,2,2
VA34,0,1,0,0,0,0,0,0,0,0,1,2,1,1,1
VA35,3,3,1,1,1,1,3,1,1,1,4,3,3,3,3
VA36,0,0,2,2,1,3,0,3,2,1,3,4,2,3,3
VA38,2,1,1,1,2,1,1,1,1,1,2,2,1,1,1
VA40,0,0,2,2,1,2,0,1,0,0,1,1,1,1,2
VA42,3,1,3,3,3,4,3,2,3,2,4,3,3,3,3
VA43,4,4,4,4,4,4,4,3,3,2,4,3,4,3,3
VA44,2,1,3,3,3,3,2,2,1,1,4,3,3,3,3
VA45,0,0,1.520229159,1,1,3,0,5,1,0,1,2,2,3,2
VA46,2,3,1,1,1,3,3,2,2,1,3,1,2,1,2
VA47,4,4,4,4,5,2,5,4,4,2,4,4,4,4,4
VA49,1,1,1,1,1,1,1,1,2,2,1,2,1,1,1
VA5,1,1,1,1,1,1,1,1,1,1,1,1,1,1,1
VA50,1,1,2,1,2,3,1,2,1,0,3,1,2,1,1
VA51,0,0,2,2,3,1,0,0,1,0,0,0,0,0,0
VA52,5,4,1,1,5,1,5,2,5,2,3,2,2,2,2
VA53,2,1,1,1,1,3,2,1,1,1,3,3,3,3,3
VA54,1,1,4,1,2,4,1,4,1,1,1,4,2,2,3
VA55,1,1,1,1,1,3,1,3,3,1,2,3,2,2,2
VA56,0,1,1,1,1,3,1,4,1,2,3,4,4,4,4
VA6,3,2,1,1,1,1,3,1,3,1,3,3,3,2,2
VA7,0,2,1,1,2,4,0,2,2,2,3,2,1,1,2
VA8,0,0,0,0,0,0,0,0,0,1,0,0,0,0,0
VA9,1,1,1,1,1,3,1,1,1,1,1,2,1,1,1
WA81,1,2,4,4,2.478401176,4,1,1,1,2,4,1,1,2,1
WI102,2,2,1,1,3,1,2,3,1,1,1,2,2,3,2
WI123,3,1,1,1,1,1,3,1,3,3,2,3,2,2,2
WI154,3,2,1,2,3,1,2,3,1,1,2,2,2,3,2
WI160,2,1,2,2,1,2,1,0,0,1,0,1,1,1,1
WI193,1,1,1,1,1,3,2,1,2,1,1,2,1,2,2
WI2,1,1,1,1,2,2,1,2,2,1,1,2,2,1,1
WI210,2,2,1,1,2,3,2,2,1,1,2,3,2,1,2
WI224,2,2,1,2,2,2,2,3,1,1,2,2,2,2,2
WI237,5,3,1,1,3,3,5,4,4,2,2,2,4,4,3
WI257,2,2,1,1,2,2,2,1,1,1,2,3,1,2,3
WI258,1,2,1,2,1,1,2,1,1,1,1,4,1,3,4
WI32,1,1,1,1,1,1,1,1,1,1,1,2,1,1,1
WI7,2,2,2,2,1,2,2,1,1,1,0,1,1,1,1
WI85,1,1,2,1,2,1,1,1,1,1,1,2,1,1,1
WI86,4,0,0,0,0,2,4,2,2,2,1,2,4,1,1
WI88,2,0,1,1,0,1,2,1,2,1,1,1,1,2,1
WI98,2,2,1,1,2,1,2,2,1,1,2,1,2,1,1
WV2,3,3,1,0.799525502,2,5,3,2,1,3,4,3,2,1,2
WV6,0,2,3,1,1.544329825,3,1,1,1,1,4,1,2,1,3
WY11,0,0,1,1,0,1,1,0,0,0,0,0,0,1,1
WY24,5,5,0,0,0,0,3,0,1,1,3,0,0,0,0
WY27,0,1,0,0,0,0,0,3,1,3,2,1,0,0,1
WY29,5,5,0,0,0,3,3,0,0,0,5,1,0,1,1
WY30,1,1,3,3,1,2,1,1,2,2,1,3,1,3,3
WY31,0,0,0,0,0,0,0,0,0,0,0,0,0,0,0
WY39,0,1,1,1,0,3,1,2,0,0,0,1,1,1,2
WY40,1,0,2,2,0,3,1,1,1,1,0,3,1,1,1
WY43,0,2,0,0,0,1,0,0,0,1,0,1,0,2,2
WY46,3,3,3,3,4,3,3,2,2,1,4,4,3,3,3
WY52,0,0,3,3,1,3,1,1,0,0,1,1,1,1,3
WY57,0,0,0,0,0,0,0,0,0,0,0,0,0,0,0
WY58,2,0,0,0,0,0,0,0,0,1,0,0,0,0,0
WY59,1,1,1,1,1,2,1,2,0,0,1,1,0,1,2
WY61,1,1,4,5,1,2,1,2,2,1,1,2,1,3,3
WY66,3,3,2,2,1,1,2,2,2,0,3,3,2,2,2
WY67,1,0,4,4,3,2,1,1,3,1,2,3,1,2,2
WY73,2,1,1,1,1,3,1,1,1,4,1,1,1,2,2
WY78,0,0,1,1,1,2,1,1,2,4,1,1,1,1,1
WY79,3,0,0,0,0,0,0,0,0,0,0,0,0,0,0
WY80,1,0,0,0,0,4,0,0,0,1,0,0,0,0,0
WY81,4,4,1,1,1,3,3,2,2,1,3,1,2,2,2
WY82,3,3,4,3,3,3,2,3,4,3,5,3,3,3,3
WY83,0,1,0,0,0,1,0,0,0,0,0,1,0,0,0
WY9,1,3,3,1,1,1,3,2,1,0,3,3,2,1,1
